method,acc_mean,balanced_accuracy_mean,f1_mean,precision_mean,recall_mean,gmean_mean,auc_mean,pr_auc_mean,fpr_mean,fnr_mean,tpr_mean,tnr_mean,f1_macro_mean,f1_weighted_mean,eff_mean,acc_std,balanced_accuracy_std,f1_std,precision_std,recall_std,gmean_std,auc_std,pr_auc_std,fpr_std,fnr_std,tpr_std,tnr_std,f1_macro_std,f1_weighted_std,eff_std
ADASYN+RF,0.9772016092981671,0.8494085548318958,0.5931810591177221,0.5084253373614096,0.7153846153846154,0.8378854587503672,0.9403098046118641,0.6833147659295509,0.0165675057208238,0.2846153846153846,0.7153846153846154,0.9834324942791761,0.7907262024700165,0.9790873069717796,0.9059362852819065,0.0027475918513762128,0.03466892752523638,0.04537448830294429,0.04428919470182882,0.06951508570115877,0.04036919499667245,0.024003462367469117,0.046516086454176125,0.002429416230345615,0.06951508570115875,0.06951508570115877,0.0024294162303456364,0.023330200554766138,0.002382371851656442,0.11819603408577888
AdaBS,0.983772910147519,0.7823732617496919,0.6195813211903378,0.6802922093063569,0.5711538461538461,0.7524261843283477,0.9360799155078331,0.6524995548608391,0.006407322654462243,0.4288461538461538,0.5711538461538461,0.9935926773455378,0.8056453117046353,0.9830590317614061,0.7493302649199465,0.001382656618645399,0.029213985574239678,0.040981251563509596,0.03559882710504687,0.058785930862104506,0.03843831313565404,0.016650560900429875,0.03783017224837669,0.0010346803940694536,0.0587859308621045,0.058785930862104506,0.0010346803940694434,0.02081402436618471,0.00160685442972811,0.21302666433735712
AdaBoost,0.9843987483236477,0.7198037317373702,0.5661892876385518,0.7992588400914726,0.44230769230769235,0.6625641757517614,0.9333035557120226,0.6257278521603462,0.002700228832951945,0.5576923076923077,0.44230769230769235,0.997299771167048,0.7791226854998754,0.9821566316948702,0.4579673230601271,0.0011817839403306762,0.03300961706673871,0.05062659545114878,0.043925015488462414,0.06661733875264912,0.048143167716572476,0.014768369525451125,0.04671254857463311,0.0009267028252318805,0.06661733875264911,0.06661733875264912,0.0009267028252318864,0.02558767661530707,0.0017277122543228748,0.14546663614413063
BalancedRF,0.9510058113544926,0.8979501848266149,0.4450198049978102,0.3030115445610722,0.8423076923076923,0.8956910938297595,0.9364684914627706,0.5358113091825685,0.04640732265446224,0.15769230769230771,0.8423076923076923,0.9535926773455378,0.7096931484277487,0.9620616068703317,0.983333042013883,0.005032008493746488,0.02875547906789804,0.02866566645494376,0.0237783738877226,0.05930786413446347,0.030692603651648658,0.01824993124870639,0.06997342070722197,0.005501305771163282,0.059307864134463484,0.05930786413446347,0.005501305771163255,0.015438022409221713,0.0032008904742609427,0.05270487867682827
CCE,0.9699597675458204,0.896388839992959,0.5601093301822047,0.426650645587993,0.8192307692307692,0.8928375286623623,0.9528331279704277,0.7340112220364793,0.026453089244851256,0.18076923076923077,0.8192307692307692,0.9735469107551488,0.7722783523565264,0.9745834593291809,1.0,0.003363779123116683,0.018369532535933215,0.030554257462790013,0.03516330257776344,0.03759712384260304,0.020172341463984902,0.012233959846886303,0.033807197652972014,0.0035894288133889235,0.03759712384260303,0.03759712384260304,0.0035894288133889083,0.016105390076407333,0.0024017104110239085,3.700743415417188e-17
EasyEnsemble,0.8925793473401878,0.8783669248371766,0.27251262258082104,0.1618938308344282,0.8634615384615385,0.8779790831463921,0.9387348178137651,0.6241940019595802,0.10672768878718535,0.13653846153846155,0.8634615384615385,0.8932723112128146,0.6072526174493538,0.9264302701335649,0.9244992867440412,0.007794329192764854,0.018407599054431713,0.013953586900971354,0.009517253781966896,0.039980682383365856,0.01879767594572339,0.014051993615257635,0.038392523348735316,0.008380272476022771,0.039980682383365836,0.039980682383365856,0.008380272476022783,0.008826309377880088,0.004635272201280626,0.10193838971392229
GB,0.9867679928475637,0.7726425805315966,0.6573205957848731,0.8293478084664055,0.5480769230769231,0.7384584997538213,0.9401417004048582,0.6789204017486865,0.0027917620137299774,0.4519230769230769,0.5480769230769231,0.99720823798627,0.8252870026007562,0.9854445107537642,0.8249495225942495,0.0014930681030994512,0.027105004795091498,0.04208857418333988,0.06805070865845858,0.0545813665574564,0.03662033677462253,0.017647261820523737,0.06319186370590958,0.0012845482492766368,0.05458136655745642,0.0545813665574564,0.001284548249276653,0.021386698627869856,0.0016783284579001403,0.19129402406296833
RF,0.9877961555654895,0.7703529308220384,0.6725224642962505,0.8912055011805962,0.5423076923076924,0.7350149975813235,0.9390661855307163,0.7524427321544169,0.0016018306636155608,0.4576923076923077,0.5423076923076924,0.9983981693363845,0.8331522568424763,0.9863142360561999,0.8376776782142654,0.0011551808936560467,0.027373718420882036,0.04017382913714028,0.03498547688428403,0.05499387330648004,0.036203725609862084,0.022402872616583358,0.04580309351473581,0.000580913280386263,0.05499387330648005,0.05499387330648004,0.0005809132803862345,0.020371735815844123,0.0014959497142637054,0.18726729184772148
RUSBoost,0.9306660706303085,0.80587528604119,0.3200661932397061,0.21161095774083835,0.675,0.7946115825126101,0.8716335152261925,0.2902496136772711,0.06324942791762014,0.325,0.675,0.9367505720823799,0.6417409136599934,0.9484607074268565,0.5183368745979727,0.01799305580501278,0.032895584313761154,0.060604819840925,0.04814778640033968,0.057656684158381696,0.0366122224492931,0.029997646396206654,0.08288704028139889,0.017922229000697485,0.057656684158381676,0.057656684158381696,0.017922229000697492,0.03506295234199167,0.010984830392966573,0.14332419093790627
SMOTE+RF,0.9802413947250782,0.8556578947368421,0.6303474808311023,0.5597202376300701,0.725,0.8448812642912422,0.9484716599190284,0.7389695087141576,0.01368421052631579,0.275,0.725,0.9863157894736843,0.8100980591599745,0.9814918828414607,1.0,0.0024192762619701953,0.031521390621283105,0.04148315511093303,0.04361632208414689,0.06349066930468913,0.03691877872740149,0.021926780509813296,0.041712779697588416,0.0023080765059697423,0.06349066930468913,0.06349066930468913,0.0023080765059697085,0.021298925823486293,0.00212383330168738,5.233641528945917e-17
ThresholdWrapperGB,0.9869915064818955,0.8196897553247668,0.6965472717399604,0.7618038165183056,0.6442307692307693,0.799957127186129,0.9475096813941208,0.7248682526215424,0.004851258581235697,0.3557692307692308,0.6442307692307693,0.9951487414187643,0.8449501534639587,0.9864536611605562,1.0,0.0017936882116887636,0.029420112903123796,0.044282672223716714,0.05298883143189492,0.05892556509887899,0.03603629477389892,0.01896177714934417,0.03947575415395069,0.00129806543927888,0.05892556509887896,0.05892556509887899,0.0012980654392788782,0.02257945440463088,0.0019028118798638236,5.233641528945917e-17
ThresholdWrapperRF,0.9877514528386232,0.7628208061960923,0.6645663179359819,0.9145437129855895,0.5269230769230769,0.7241144726729616,0.9382357859531772,0.7534004961826313,0.0012814645308924484,0.47307692307692306,0.5269230769230769,0.9987185354691075,0.8291638732169357,0.9861091505590341,0.7979901758599006,0.0012502564126599866,0.033660652921802564,0.04641375903543111,0.06095270237014643,0.06796081169589013,0.045541732719397425,0.024854927216962693,0.0497508341372519,0.0010525210258221411,0.0679608116958901,0.06796081169589013,0.0010525210258221236,0.023497930277559916,0.001665107418481736,0.21025270925855444
Under+RF,0.9242288779615556,0.8926909875022003,0.34642238317947716,0.2171339072348383,0.8596153846153847,0.8918236549470491,0.9398428973772223,0.6029949956401486,0.07423340961098399,0.14038461538461539,0.8596153846153847,0.925766590389016,0.6530981769123858,0.9455163566317843,0.9663845775262254,0.007397367116974475,0.0225151727726661,0.026687750836560168,0.019147985706012078,0.04352370563273837,0.023317357827244097,0.01868672828977356,0.05755860201881074,0.0073758555574147755,0.04352370563273834,0.04352370563273837,0.0073758555574147565,0.015203897259647983,0.004555246028383517,0.10630056849646025
