method,acc,balanced_accuracy,f1,precision,recall,gmean,auc,pr_auc,fpr,fnr,tpr,tnr,f1_macro,f1_weighted,run_seed,eff
CCE,0.8638036809815951,0.8535533694791178,0.7905660377358491,0.7576853526220615,0.8264299802761341,0.853122310285752,0.9335518238867784,0.863890899654727,0.11932324131789848,0.17357001972386588,0.8264299802761341,0.8806767586821015,0.8448284734133791,0.865335013522188,0,0.9999999999999999
RF,0.8533742331288343,0.8113630894985782,0.7481559536354057,0.8031674208144797,0.7001972386587771,0.8037115257402627,0.9159013350053832,0.827505824945705,0.07747105966162066,0.29980276134122286,0.7001972386587771,0.9225289403383793,0.8223687600284342,0.8504148267389283,0,0.7530222627076428
GB,0.8588957055214724,0.822402658418824,0.7619047619047619,0.8017429193899782,0.7258382642998028,0.8167138117864636,0.9315258684736046,0.8622504735102264,0.08103294746215495,0.27416173570019725,0.7258382642998028,0.918967052537845,0.8308216050151533,0.8568662524728229,0,0.8245990663102105
AdaBoost,0.8447852760736196,0.7991792553406363,0.7311370882040382,0.7926267281105991,0.6785009861932939,0.7900153400551254,0.9257219936033553,0.8517744392820711,0.08014247551202137,0.3214990138067061,0.6785009861932939,0.9198575244879786,0.8110191693715318,0.8412077350151983,0,0.7073362233981393
SMOTE+RF,0.8533742331288343,0.8151497907303099,0.7518172377985463,0.793859649122807,0.7140039447731755,0.8088502328449215,0.9161577628253428,0.8250728901581866,0.08370436331255565,0.2859960552268245,0.7140039447731755,0.9162956366874443,0.8238842392736745,0.8511193760274653,0,0.7684481285921618
ADASYN+RF,0.8588957055214724,0.8213207437811862,0.760914760914761,0.8043956043956044,0.7218934911242604,0.8152803110552694,0.9193473033804563,0.8300689478178725,0.0792520035618878,0.2781065088757396,0.7218934911242604,0.9207479964381122,0.8304138643564232,0.8566785562092231,0,0.7949877292109513
Under+RF,0.8466257668711656,0.8443325060901608,0.7727272727272727,0.7166947723440135,0.8382642998027613,0.8443106997503613,0.914681546505644,0.8136032982924497,0.1495992876224399,0.16173570019723865,0.8382642998027613,0.8504007123775601,0.828493265993266,0.8495680217305983,0,0.9125078419157755
ThresholdWrapperRF,0.8447852760736196,0.7975563833841798,0.7294117647058823,0.7967289719626168,0.6725838264299803,0.7877042875884211,0.917958904807319,0.8290188619531236,0.07747105966162066,0.32741617357001973,0.6725838264299803,0.9225289403383793,0.8102972802024035,0.8408650578378988,0,0.7016658360508252
ThresholdWrapperGB,0.8460122699386503,0.8579521604043832,0.782307025151778,0.6981424148606811,0.8895463510848126,0.8573702331302371,0.9312878823804229,0.8607942018027083,0.1736420302760463,0.11045364891518737,0.8895463510848126,0.8263579697239537,0.8315901523480769,0.8502149415216474,0,1.0
AdaBS,0.8325153374233129,0.8481569689529138,0.7676595744680851,0.6751497005988024,0.8895463510848126,0.8471464826286736,0.926288418068677,0.8558999778420848,0.19323241317898487,0.11045364891518737,0.8895463510848126,0.8067675868210151,0.818362161334762,0.8375233843469538,0,0.9999996218216178
BalancedRF,0.841717791411043,0.818591368218055,0.7485380116959064,0.7398843930635838,0.757396449704142,0.8163008085682525,0.9000265209594616,0.7769369205857191,0.12021371326803205,0.24260355029585798,0.757396449704142,0.8797862867319679,0.8165250488202003,0.8422183094757617,0,0.7830264423478671
EasyEnsemble,0.8441717791411043,0.8452563487839877,0.7719928186714542,0.7084019769357496,0.8481262327416174,0.8452514767367804,0.927488008486707,0.8570931779742189,0.15761353517364202,0.15187376725838264,0.8481262327416174,0.8423864648263579,0.82681653981103,0.8475351976159249,0,0.9179557624008827
RUSBoost,0.8392638036809816,0.8141056377236937,0.7431372549019608,0.7387914230019493,0.747534516765286,0.8113792425418851,0.9021921065896681,0.8148066129649731,0.11932324131789848,0.252465483234714,0.747534516765286,0.8806767586821015,0.8130864845938375,0.8395212855080683,0,0.7641315711328593
CCE,0.850920245398773,0.8398757554521648,0.7718309859154929,0.7365591397849462,0.8106508875739645,0.8393671376065698,0.9198206410344227,0.8282716665989567,0.13089937666963491,0.1893491124260355,0.8106508875739645,0.8691006233303651,0.8305624177869037,0.8527578546168355,1,1.0
RF,0.838036809815951,0.7980683608466332,0.7267080745341615,0.7647058823529411,0.6923076923076923,0.791029575663659,0.9077500917695451,0.796375299315513,0.09617097061442564,0.3076923076923077,0.6923076923076923,0.9038290293855743,0.8058126248869587,0.8357073506644576,1,0.7929622661771231
GB,0.8515337423312883,0.8176007840368413,0.753061224489796,0.7801268498942917,0.727810650887574,0.8126553845552827,0.9194061412706526,0.8294875960064776,0.09260908281389137,0.27218934911242604,0.727810650887574,0.9073909171861086,0.8234604368063014,0.8500652925038276,1,0.8778778460877562
AdaBoost,0.841717791411043,0.7942482888712082,0.7243589743589743,0.7902097902097902,0.6686390532544378,0.7842529338820563,0.9100105205660382,0.8095922379832108,0.08014247551202137,0.33136094674556216,0.6686390532544378,0.9198575244879786,0.8066717419127057,0.8377788982397602,1,0.7782398227912631
SMOTE+RF,0.8411042944785276,0.8051631565913366,0.7354443309499489,0.7627118644067796,0.7100591715976331,0.7995266979722707,0.9070580879266406,0.798465609821241,0.09973285841495994,0.28994082840236685,0.7100591715976331,0.9002671415850401,0.8109488204508621,0.8394830324340296,1,0.8218372801868425
ADASYN+RF,0.841717791411043,0.8072312645228599,0.7378048780487805,0.7610062893081762,0.7159763313609467,0.8020566386464175,0.9040810663182058,0.7925568590453189,0.10151380231522707,0.28402366863905326,0.7159763313609467,0.8984861976847729,0.8122240558960949,0.8403481132911538,1,0.8306542991003661
Under+RF,0.8319018404907975,0.8287782268191886,0.7522603978300181,0.6944908180300501,0.8205128205128205,0.8287370103405235,0.904719501335708,0.7864930559532393,0.16295636687444345,0.1794871794871795,0.8205128205128205,0.8370436331255565,0.81252759910071,0.835303424856996,1,0.966559522582757
ThresholdWrapperRF,0.8319018404907975,0.7892883425454149,0.7145833333333333,0.7571743929359823,0.6765285996055227,0.781192247817538,0.9062492864808092,0.7995345812958999,0.09795191451469279,0.3234714003944773,0.6765285996055227,0.9020480854853072,0.7977264492753624,0.8291474059749268,1,0.7599206835374419
ThresholdWrapperGB,0.8276073619631902,0.8397264652830103,0.7587982832618025,0.6717325227963525,0.8717948717948718,0.839113909907641,0.9181995254328975,0.824488990738578,0.1923419412288513,0.1282051282051282,0.8717948717948718,0.8076580587711487,0.8123347024900898,0.832566870738326,1,1.0
AdaBS,0.8208588957055215,0.8315831256443627,0.7491408934707904,0.6636225266362252,0.8599605522682445,0.8310988006937888,0.9097813162475126,0.80740018745009,0.19679430097951914,0.14003944773175542,0.8599605522682445,0.8032056990204809,0.8049139581857769,0.825991386323465,1,0.9516475629578424
BalancedRF,0.8312883435582822,0.8034489541784562,0.729064039408867,0.7283464566929134,0.7297830374753451,0.8000647190613678,0.8909988566129399,0.7493721251040906,0.12288512911843277,0.2702169625246548,0.7297830374753451,0.8771148708815673,0.8032848036687987,0.8313338777694846,1,0.814669459603199
EasyEnsemble,0.8368098159509203,0.8345039438949982,0.759493670886076,0.7011686143572621,0.8284023668639053,0.8344816373857724,0.9113725738152069,0.8099727390504743,0.15939447907390916,0.17159763313609466,0.8284023668639053,0.8406055209260909,0.8180012458422952,0.840112083985259,1,1.0
RUSBoost,0.8233128834355828,0.812266734110696,0.7338262476894639,0.6904347826086956,0.7830374753451677,0.8117406591854778,0.8884152585091005,0.7798431813997398,0.1585040071237756,0.21696252465483234,0.7830374753451677,0.8414959928762245,0.8007974213653931,0.8261067728895479,1,0.8537296593838759
CCE,0.847239263803681,0.8393681688770394,0.7692307692307693,0.7255244755244755,0.8185404339250493,0.8391097236838361,0.9223480357804626,0.8356756744709867,0.13980409617097062,0.1814595660749507,0.8185404339250493,0.8601959038290294,0.8275314781504604,0.8495641386992515,2,1.0
RF,0.8386503067484663,0.8044641273287071,0.7335359675785208,0.7541666666666667,0.7140039447731755,0.7993619252446029,0.9067849747348344,0.8056165627720707,0.10507569011576136,0.2859960552268245,0.7140039447731755,0.8949243098842387,0.8089149261561763,0.8374016982321493,2,0.7968927629045034
GB,0.850920245398773,0.821483206612325,0.7562688064192578,0.7693877551020408,0.7435897435897436,0.8177819190740387,0.923635443945054,0.8403665525243109,0.1006233303650935,0.2564102564102564,0.7435897435897436,0.8993766696349065,0.8244446108985375,0.8502092094011364,2,1.0
AdaBoost,0.8411042944785276,0.804081241953699,0.7343589743589743,0.7649572649572649,0.7061143984220908,0.7980909354392245,0.9178324472522705,0.8324337479287135,0.09795191451469279,0.2938856015779093,0.7061143984220908,0.9020480854853072,0.8105055265667958,0.839282383106684,2,0.7953355157520592
SMOTE+RF,0.8374233128834356,0.8030326980597546,0.7315096251266464,0.7520833333333333,0.7120315581854043,0.7978598289766806,0.9083823795447881,0.8132346208242602,0.10596616206589493,0.2879684418145957,0.7120315581854043,0.8940338379341051,0.807461807723904,0.8361652092453215,2,0.7911014680110641
ADASYN+RF,0.839877300613497,0.81022321514821,0.7397806580259222,0.7479838709677419,0.7317554240631163,0.8064145733599615,0.9069342649039889,0.80420733060058,0.11130899376669635,0.2682445759368836,0.7317554240631163,0.8886910062333037,0.8120702138157967,0.8393894569854671,2,0.8210758221997195
Under+RF,0.8312883435582822,0.8299558628005782,0.7529200359389039,0.6914191419141914,0.8264299802761341,0.829948373303711,0.906220306624444,0.79537566088584,0.16651825467497774,0.17357001972386588,0.8264299802761341,0.8334817453250223,0.8124171674803975,0.8349019730200049,2,0.9163569900737837
ThresholdWrapperRF,0.8404907975460123,0.8014721767033569,0.731404958677686,0.7678958785249458,0.6982248520710059,0.7947940865317752,0.9088969915396382,0.8106797681796643,0.09528049866429207,0.30177514792899407,0.6982248520710059,0.9047195013357079,0.808983456651234,0.8383014657013599,2,0.7848830594537131
ThresholdWrapperGB,0.8337423312883435,0.8441788250336781,0.7653679653679654,0.6820987654320988,0.8717948717948718,0.8437269952991459,0.9245663120586061,0.8457552425298464,0.1834372217275156,0.1282051282051282,0.8717948717948718,0.8165627782724845,0.8183134363656929,0.8383222769390672,2,0.9999999999999999
AdaBS,0.8202453987730062,0.8370884201763029,0.7531592249368155,0.6573529411764706,0.8816568047337278,0.8359011199245997,0.9185279638050375,0.8335942874165874,0.20747996438112198,0.11834319526627218,0.8816568047337278,0.792520035618878,0.8059090866604001,0.8258440037289448,2,1.0
BalancedRF,0.8361963190184049,0.8183709456741857,0.7454718779790277,0.7214022140221402,0.7712031558185405,0.8170105288940863,0.8908688863480287,0.7496137242905581,0.13446126447016918,0.22879684418145957,0.7712031558185405,0.8655387355298308,0.81235602040064,0.8376324815857401,2,0.8579084635990508
EasyEnsemble,0.8392638036809816,0.8395306317081781,0.7648114901256733,0.7018121911037891,0.8402366863905325,0.8395303348081701,0.9173626223081665,0.8324544897185604,0.1611754229741763,0.15976331360946747,0.8402366863905325,0.8388245770258237,0.8213619426397238,0.8427331565959542,2,1.0
RUSBoost,0.8104294478527607,0.7958843334896489,0.713091922005571,0.6736842105263158,0.757396449704142,0.7949531779268362,0.8827071049826033,0.7709444231952495,0.16562778272484416,0.24260355029585798,0.757396449704142,0.8343722172751559,0.7857717970082825,0.8132385473160556,2,0.7633957048301158
CCE,0.8533742331288343,0.8465253152218013,0.7784986098239111,0.7342657342657343,0.8284023668639053,0.8463312992287282,0.9241843048610635,0.8300860497252917,0.13535173642030277,0.17159763313609466,0.8284023668639053,0.8646482635796973,0.8344579248110844,0.8556057395547032,3,1.0
RF,0.841717791411043,0.8045264779287657,0.7351129363449692,0.7665952890792291,0.7061143984220908,0.7984847627197633,0.9035638197909586,0.799345650601971,0.09706144256455922,0.2938856015779093,0.7061143984220908,0.9029385574354408,0.8111260219782589,0.839852439616361,3,0.7636188990888613
GB,0.8533742331288343,0.8221822358749545,0.7583417593528817,0.7780082987551867,0.7396449704142012,0.8180288679494144,0.9242589499456408,0.8368463292722393,0.09528049866429207,0.2603550295857988,0.7396449704142012,0.9047195013357079,0.826550888483134,0.8523280808415606,3,1.0
AdaBoost,0.8570552147239264,0.8199850358559859,0.7585492227979275,0.7991266375545851,0.7218934911242604,0.8140967435630033,0.9234747374688467,0.8332514038592724,0.0819234194122885,0.2781065088757396,0.7218934911242604,0.9180765805877115,0.8285120841658482,0.8549520366828048,3,0.8525661937453534
SMOTE+RF,0.8404907975460123,0.8074227072103639,0.7373737373737373,0.7556935817805382,0.7199211045364892,0.8026673642601999,0.9026189008379569,0.7935762509375424,0.10507569011576136,0.28007889546351084,0.7199211045364892,0.8949243098842387,0.8114181462199084,0.8394005731212834,3,0.775103197301913
ADASYN+RF,0.838036809815951,0.8051008059912779,0.7338709677419355,0.7505154639175258,0.717948717948718,0.800369802877162,0.9012384058620102,0.7881541620841117,0.10774710596616206,0.28205128205128205,0.717948717948718,0.8922528940338379,0.8087344256699096,0.8370263827764323,3,0.765869081550164
Under+RF,0.8288343558282208,0.8270930042626734,0.7493261455525606,0.6881188118811881,0.8224852071005917,0.827080168971284,0.9057996596184144,0.7876196735352239,0.1682991985752449,0.17751479289940827,0.8224852071005917,0.8317008014247551,0.8096886899164759,0.832500547173023,3,0.8632807683117284
ThresholdWrapperRF,0.8355828220858895,0.7919597583958157,0.7190775681341719,0.767337807606264,0.6765285996055227,0.7835023334353822,0.905052330595176,0.7965401970853471,0.09260908281389137,0.3234714003944773,0.6765285996055227,0.9073909171861086,0.8014295039283175,0.8325514624861051,3,0.7174922197185243
ThresholdWrapperGB,0.8368098159509203,0.8507326634595626,0.7718696397941681,0.6828528072837633,0.8875739644970414,0.8499345758438511,0.9233816506574914,0.831003550043517,0.1861086375779163,0.11242603550295859,0.8875739644970414,0.8138913624220837,0.8224200156946008,0.841523716034887,3,1.0
AdaBS,0.8214723926380368,0.8417655933581683,0.7572977481234362,0.6560693641618497,0.8954635108481263,0.8400510983379944,0.9237030636099066,0.8339519249674326,0.21193232413178986,0.10453648915187377,0.8954635108481263,0.7880676758682101,0.8080520763906847,0.827232853208246,3,1.0
BalancedRF,0.8269938650306748,0.8079057048164522,0.7314285714285714,0.7071823204419889,0.757396449704142,0.8063252712292774,0.8859677779124316,0.7162223243373849,0.14158504007123776,0.24260355029585798,0.757396449704142,0.8584149599287623,0.8019133807369101,0.8285505847454602,3,0.7770518387119212
EasyEnsemble,0.8294478527607362,0.837275471976479,0.7578397212543554,0.6786271450858035,0.8579881656804734,0.8370192353183767,0.9231366391445848,0.8332975805183889,0.1834372217275156,0.14201183431952663,0.8579881656804734,0.8165627782724845,0.8131054666877837,0.8339911717104782,3,0.9173006847689967
RUSBoost,0.8153374233128834,0.808642495710103,0.7271078875793291,0.6728187919463087,0.7909270216962525,0.8084484200298302,0.9069351430814544,0.8142869951297196,0.1736420302760463,0.20907297830374755,0.7909270216962525,0.8263579697239537,0.7937811111517414,0.8189778631275735,3,0.7800438807980361
CCE,0.8533742331288343,0.8438205286277072,0.7764265668849392,0.7384341637010676,0.8185404339250493,0.8434417593084704,0.9263885302997571,0.8428105851561263,0.13089937666963491,0.1814595660749507,0.8185404339250493,0.8691006233303651,0.8336719781024422,0.8553058267588728,4,1.0
RF,0.8392638036809816,0.8027455340284986,0.7321063394683026,0.7600849256900213,0.7061143984220908,0.7969082858360274,0.9082971963306232,0.8038430340487251,0.1006233303650935,0.2938856015779093,0.7061143984220908,0.8993766696349065,0.8086473853345019,0.8375733265943662,4,0.765583978144486
GB,0.8539877300613496,0.8226274718500213,0.7591093117408907,0.7796257796257796,0.7396449704142012,0.8184313422015385,0.925453271298877,0.8444755282707033,0.0943900267141585,0.2603550295857988,0.7396449704142012,0.9056099732858415,0.827177895307065,0.8529019735136684,4,0.8805166156431098
AdaBoost,0.8447852760736196,0.8121622309922878,0.7441860465116279,0.7634854771784232,0.7258382642998028,0.8075615532111748,0.9192094295183548,0.8303934956013037,0.10151380231522707,0.27416173570019725,0.7258382642998028,0.8984861976847729,0.816390689482146,0.8436778428992252,4,0.8039644904034007
SMOTE+RF,0.839877300613497,0.8086003431917536,0.7382146439317954,0.7510204081632653,0.7258382642998028,0.8043537488613478,0.9060850672947391,0.7959426878051903,0.10863757791629564,0.27416173570019725,0.7258382642998028,0.8913624220837043,0.8114405080021327,0.8391135952827019,4,0.7890027803982638
ADASYN+RF,0.8331288343558282,0.7999160462342871,0.7263581488933601,0.7412731006160165,0.7120315581854043,0.795073580106571,0.9058224922325203,0.7915772092325954,0.11219946571682991,0.2879684418145957,0.7120315581854043,0.8878005342831701,0.8031614221960182,0.8321864629042619,4,0.7547573869089821
Under+RF,0.8300613496932515,0.8350159213574516,0.7563764291996482,0.6825396825396826,0.8481262327416174,0.8349129946622247,0.904968025558477,0.7774955465241323,0.17809439002671415,0.15187376725838264,0.8481262327416174,0.8219056099732859,0.8129503436624713,0.8343304242202008,4,0.9153299515120732
ThresholdWrapperRF,0.8355828220858895,0.7903368864393592,0.7172995780590717,0.7709750566893424,0.6706114398422091,0.7812158546162344,0.9110054956345799,0.8048530778416602,0.08993766696349065,0.32938856015779094,0.6706114398422091,0.9100623330365093,0.8006913115208854,0.8322062242892764,4,0.7202737858557426
ThresholdWrapperGB,0.8306748466257668,0.8489850903029887,0.7672849915682968,0.6701030927835051,0.8974358974358975,0.8476014410351976,0.9256605211807624,0.8409560332081685,0.19946571682991987,0.10256410256410256,0.8974358974358975,0.8005342831700801,0.8171044051380538,0.8359318644993854,4,1.0
AdaBS,0.8159509202453987,0.8361355976261107,0.7504159733777038,0.6489208633093525,0.8895463510848126,0.8344279651549,0.9185841671628369,0.8343350278798435,0.21727515583259127,0.11045364891518737,0.8895463510848126,0.7827248441674087,0.8023216893127586,0.8219375917765585,4,0.92857118708288
BalancedRF,0.8276073619631902,0.801859452965693,0.7258536585365853,0.7181467181467182,0.7337278106508875,0.7989597371744886,0.8936939832549121,0.7549555428062183,0.13000890471950133,0.26627218934911245,0.7337278106508875,0.8699910952804987,0.8000632945926774,0.8281081631881085,4,0.7621600669490488
EasyEnsemble,0.8312883435582822,0.8348244786699475,0.7568523430592397,0.6858974358974359,0.8441814595660749,0.8347720389993062,0.9202377753305899,0.8352684482684343,0.1745325022261799,0.15581854043392504,0.8441814595660749,0.8254674977738201,0.8138418596461064,0.8353790021108365,4,0.9142692218254248
RUSBoost,0.8294478527607362,0.8053589901661687,0.7300970873786408,0.7189292543021033,0.7416173570019724,0.8028325524310983,0.8948540556869895,0.7975570324988334,0.13089937666963491,0.2583826429980276,0.7416173570019724,0.8691006233303651,0.8027167051242979,0.8301606833643745,4,0.7758633283887879
CCE,0.843558282208589,0.8383196249830951,0.766269477543538,0.7157534246575342,0.8244575936883629,0.8382050093623762,0.9220134501660634,0.841494661351662,0.14781834372217276,0.1755424063116371,0.8244575936883629,0.8521816562778273,0.8243518895324882,0.8463020525908891,5,1.0
RF,0.8423312883435583,0.8028078846285573,0.7336787564766839,0.7729257641921398,0.6982248520710059,0.7959666380714993,0.901569478766547,0.7952514931541494,0.09260908281389137,0.30177514792899407,0.6982248520710059,0.9073909171861086,0.8108480928352919,0.840011473937686,5,0.7945461107095977
GB,0.8515337423312883,0.8186826986744788,0.7540650406504065,0.7777777777777778,0.7317554240631163,0.8140546726341963,0.921483030976832,0.8452553684528841,0.0943900267141585,0.2682445759368836,0.7317554240631163,0.9056099732858415,0.8238690756854845,0.8502490054901519,5,0.8916985417153958
AdaBoost,0.8423312883435583,0.8001030980344632,0.7308900523560209,0.7790178571428571,0.6883629191321499,0.7922620146789979,0.9189389508589453,0.8324558764860979,0.0881567230632235,0.3116370808678501,0.6883629191321499,0.9118432769367765,0.8096966530760581,0.8394787794831398,5,0.7837953392649997
SMOTE+RF,0.8429447852760736,0.8097446084294498,0.7408906882591093,0.760914760914761,0.7218934911242604,0.8049649135638105,0.9015440116200442,0.7935770041414945,0.10240427426536064,0.2781065088757396,0.7218934911242604,0.8975957257346393,0.8141073159605405,0.8417769126869711,5,0.8235153541403215
ADASYN+RF,0.841717791411043,0.809936051116954,0.7404426559356136,0.75564681724846,0.7258382642998028,0.8055581724192127,0.9001178514158855,0.7868642823990646,0.10596616206589493,0.27416173570019725,0.7258382642998028,0.8940338379341051,0.8132928195829878,0.8408239243724248,5,0.8243448211439257
Under+RF,0.8300613496932515,0.8274425188939882,0.7502254283137962,0.6910299003322259,0.8205128205128205,0.827413500828923,0.9031387818976011,0.7833539417373063,0.16562778272484416,0.1794871794871795,0.8205128205128205,0.8343722172751559,0.8107240577180325,0.8335873434315352,5,0.907977074059015
ThresholdWrapperRF,0.8404907975460123,0.798226432790444,0.7280334728033473,0.7750556792873051,0.6863905325443787,0.7903531928331214,0.9008880130532299,0.789669998202173,0.08993766696349065,0.3136094674556213,0.6863905325443787,0.9100623330365093,0.8075931252905626,0.8376598405863446,5,0.7765051757946351
ThresholdWrapperGB,0.8288343558282208,0.8433217238272379,0.7621483375959079,0.6711711711711712,0.8816568047337278,0.8424499697019622,0.9224472698340771,0.843373624610531,0.195013357079252,0.11834319526627218,0.8816568047337278,0.804986642920748,0.8142318113470675,0.8339148909978124,5,1.0
AdaBS,0.8165644171779141,0.8338760470070834,0.7489504617968094,0.652046783625731,0.8796844181459567,0.8326168716196921,0.9190223777181789,0.8302385287666585,0.21193232413178986,0.1203155818540434,0.8796844181459567,0.7880676758682101,0.8022181018505554,0.8223486946561429,5,0.9836062685443665
BalancedRF,0.8355828220858895,0.8135980511485683,0.7408123791102514,0.7267552182163188,0.7554240631163708,0.8115156042548893,0.8919815371969628,0.7577946978391932,0.12822796081923418,0.2445759368836292,0.7554240631163708,0.8717720391807658,0.8102085255838769,0.8364343085456887,5,0.8405395590012699
EasyEnsemble,0.8300613496932515,0.8296063481692635,0.7520143240823635,0.6885245901639344,0.8284023668639053,0.8296054745189171,0.9200375508684298,0.8339939206079435,0.16918967052537845,0.17159763313609466,0.8284023668639053,0.8308103294746215,0.8113781373094971,0.8338125599769292,5,0.9195076548973408
RUSBoost,0.8202453987730062,0.8100405542353621,0.7304507819687213,0.6844827586206896,0.7830374753451677,0.8095903490262112,0.89606154970221,0.8040614353398586,0.16295636687444345,0.21696252465483234,0.7830374753451677,0.8370436331255565,0.7978070752917698,0.8232619689647745,5,0.8247981258293574
CCE,0.8441717791411043,0.8457973061028066,0.7724014336917563,0.7077175697865353,0.8500986193293886,0.8457863688398457,0.9270884377398523,0.8401101972540116,0.1585040071237756,0.14990138067061143,0.8500986193293886,0.8414959928762245,0.8269656422190125,0.8475862265458773,6,1.0
RF,0.8392638036809816,0.8065322352602303,0.7358870967741935,0.7525773195876289,0.7199211045364892,0.8018682925197993,0.9122674366526685,0.8074349000698433,0.10685663401602849,0.28007889546351084,0.7199211045364892,0.8931433659839715,0.8101834072936223,0.8382610313917622,6,0.766588064351214
GB,0.852760736196319,0.8325561462762641,0.7669902912621359,0.7552581261950286,0.7790927021696252,0.8308377680670519,0.9270067672355501,0.8398989591679983,0.11398040961709706,0.22090729783037474,0.7790927021696252,0.8860195903829029,0.8296834864382429,0.8533761295232011,6,1.0
AdaBoost,0.8484662576687116,0.8267347078567026,0.759493670886076,0.75,0.7692307692307693,0.8247324258311979,0.919890895231672,0.8197251960369825,0.1157613535173642,0.23076923076923078,0.7692307692307693,0.8842386464826358,0.8244400732397241,0.848984235110796,6,0.8899801867005428
SMOTE+RF,0.8374233128834356,0.813851844436131,0.7419668938656281,0.7326923076923076,0.7514792899408284,0.811458248548761,0.9116729105084472,0.7996974749570148,0.12377560106856635,0.2485207100591716,0.7514792899408284,0.8762243989314337,0.8116462324231857,0.8379790376694775,6,0.7967314105854886
ADASYN+RF,0.8411042944785276,0.818687089561807,0.7482993197278912,0.7375478927203065,0.7593688362919132,0.8165352995701968,0.9087670212747274,0.7941184367550689,0.1219946571682992,0.2406311637080868,0.7593688362919132,0.8780053428317008,0.8161039404556085,0.8417282633809299,6,0.8179786319055192
Under+RF,0.8343558282208589,0.8446240610087449,0.7660311958405546,0.6831530139103554,0.8717948717948718,0.8441869173803445,0.912186644325832,0.7895909114389198,0.182546749777382,0.1282051282051282,0.8717948717948718,0.8174532502226179,0.8189130338177132,0.8388978265747252,6,1.0
ThresholdWrapperRF,0.8349693251533742,0.8034155834347628,0.7307307307307307,0.741869918699187,0.7199211045364892,0.7990652487120974,0.9094660505373567,0.8011637695692045,0.11308993766696349,0.28007889546351084,0.7199211045364892,0.8869100623330365,0.8058784126895582,0.8342777820678635,6,0.7544344928332634
ThresholdWrapperGB,0.8306748466257668,0.8516898768970829,0.7692307692307693,0.6676342525399129,0.9072978303747534,0.8498725798135821,0.9273439873823461,0.8375565750418459,0.20391807658058772,0.09270216962524655,0.9072978303747534,0.7960819234194123,0.8177549194991056,0.8360928805821087,6,1.0
AdaBS,0.807361963190184,0.834770909844545,0.7455429497568882,0.6327372764786795,0.9072978303747534,0.8316142842214138,0.919936560459884,0.8253933471800341,0.2377560106856634,0.09270216962524655,0.9072978303747534,0.7622439893143366,0.795278878629678,0.8140747879460207,6,0.9999993627859811
BalancedRF,0.8190184049079755,0.8080681676475909,0.728110599078341,0.6833910034602076,0.7790927021696252,0.8075485037851722,0.8957840456230757,0.7472758683626464,0.16295636687444345,0.22090729783037474,0.7790927021696252,0.8370436331255565,0.7962392075851474,0.8219859700637935,6,0.7727223744809986
EasyEnsemble,0.8288343558282208,0.8406169372331438,0.7601031814273431,0.6737804878048781,0.8717948717948718,0.8400385536150682,0.921010571500331,0.8266240175043007,0.19056099732858414,0.1282051282051282,0.8717948717948718,0.8094390026714159,0.813527985563457,0.8337179728934239,6,0.9305261405878151
RUSBoost,0.8128834355828221,0.8106482530415677,0.727921498661909,0.6644951140065146,0.8047337278106509,0.810626676436594,0.9007808754024249,0.7938806045751537,0.1834372217275156,0.1952662721893491,0.8047337278106509,0.8165627782724845,0.7926657516684954,0.8171335184488987,6,0.7832514232413228
CCE,0.8392638036809816,0.8379077597517217,0.7635379061371841,0.7038269550748752,0.834319526627219,0.8379000766411191,0.9166354913666374,0.818468068233104,0.1585040071237756,0.16568047337278108,0.834319526627219,0.8414959928762245,0.8208953471206366,0.8425715334064077,7,1.0
RF,0.839877300613497,0.81022321514821,0.7397806580259222,0.7479838709677419,0.7317554240631163,0.8064145733599615,0.9094774668444099,0.7918844764955165,0.11130899376669635,0.2682445759368836,0.7317554240631163,0.8886910062333037,0.8120702138157967,0.8393894569854671,7,0.8541203290093914
GB,0.8423312883435583,0.8228233054248535,0.7526467757459095,0.7349624060150376,0.7712031558185405,0.8212025037132459,0.9186763757967265,0.824049540076891,0.12555654496883348,0.22879684418145957,0.7712031558185405,0.8744434550311665,0.8184665666212663,0.8433407943385791,7,1.0
AdaBoost,0.8404907975460123,0.8095865364856392,0.7394789579158316,0.7515274949083504,0.727810650887574,0.8054458793695982,0.9120355978017461,0.8134386322897237,0.10863757791629564,0.27218934911242604,0.727810650887574,0.8913624220837043,0.8122682145900997,0.8397763017749765,7,0.8512644645530276
SMOTE+RF,0.839877300613497,0.8150918310175794,0.7443682664054848,0.7392996108949417,0.7495069033530573,0.8124489585536001,0.9071046313323181,0.7899590180294502,0.11932324131789848,0.2504930966469428,0.7495069033530573,0.8806767586821015,0.8138991845649577,0.8401758996485377,7,0.8766092411194322
ADASYN+RF,0.8355828220858895,0.8098113499168367,0.7372549019607844,0.732943469785575,0.7416173570019724,0.806934942721194,0.9050540869501074,0.7789843054783139,0.1219946571682992,0.2583826429980276,0.7416173570019724,0.8780053428317008,0.8088060224089636,0.8358462004433675,7,0.8522706016282275
Under+RF,0.8165644171779141,0.8263026445436199,0.7429062768701634,0.6585365853658537,0.8520710059171598,0.8259007518654421,0.9055853843168042,0.7875897320570762,0.19946571682991987,0.14792899408284024,0.8520710059171598,0.8005342831700801,0.8001608160697979,0.8217981143194758,7,0.9161040246193549
ThresholdWrapperRF,0.8343558282208589,0.7964788596338703,0.7233606557377049,0.7526652452025586,0.6962524654832347,0.7901476088423174,0.9060815545848767,0.7913727744582886,0.10329474621549421,0.3037475345167653,0.6962524654832347,0.8967052537845058,0.8025734977462605,0.8325091484685122,7,0.7818590565369721
ThresholdWrapperGB,0.8202453987730062,0.8408751214080346,0.7560366361365529,0.654178674351585,0.8954635108481263,0.8391013511735718,0.9174126784237066,0.8200553661256494,0.21371326803205698,0.10453648915187377,0.8954635108481263,0.786286731967943,0.8068672738720647,0.8260768891144422,7,1.0
AdaBS,0.805521472392638,0.8285665860499754,0.7399507793273175,0.6334269662921348,0.8895463510848126,0.8263195845281698,0.9114287771730062,0.8123972735202766,0.23241317898486197,0.11045364891518737,0.8895463510848126,0.767586821015138,0.7923173788846288,0.8121074557725453,7,0.9464283035985598
BalancedRF,0.8312883435582822,0.8137271432360138,0.7388414055080722,0.7124542124542125,0.7672583826429981,0.8123992355535504,0.895308951614178,0.7465161099702275,0.13980409617097062,0.23274161735700197,0.7672583826429981,0.8601959038290294,0.8071189356493691,0.8329219777150371,7,0.8701867662145981
EasyEnsemble,0.8220858895705522,0.8281459390439457,0.7469458987783595,0.6697965571205008,0.8441814595660749,0.8279906753318923,0.9121699589539852,0.8137891367652682,0.18788958147818344,0.15581854043392504,0.8441814595660749,0.8121104185218165,0.804882599341876,0.8267776959965547,7,0.9259302066308809
RUSBoost,0.8141104294478527,0.8115387249917012,0.7292225201072386,0.6666666666666666,0.8047337278106509,0.8115101935123933,0.8953098297916435,0.7855568288829788,0.18165627782724844,0.1952662721893491,0.8047337278106509,0.8183437221727515,0.7938499335706675,0.8182735450390554,7,0.8443369195979522
CCE,0.8404907975460123,0.8241923840937472,0.752851711026616,0.726605504587156,0.7810650887573964,0.8230632554033172,0.9111653239333216,0.8229560951918714,0.13268032056990206,0.21893491124260356,0.7810650887573964,0.8673196794300979,0.8175490439191051,0.841999078926328,8,1.0
RF,0.8257668711656442,0.7832131108382907,0.7053941908713693,0.7439824945295405,0.6706114398422091,0.7750765385933719,0.8926155813271368,0.7814956279313581,0.10418521816562779,0.32938856015779094,0.6706114398422091,0.8958147818343722,0.7908504055402144,0.8231455148874588,8,0.7354934121210028
GB,0.8386503067484663,0.8060869992851636,0.7351460221550856,0.7510288065843621,0.7199211045364892,0.8014684578938336,0.9111811311277028,0.8205470386490973,0.10774710596616206,0.28007889546351084,0.7199211045364892,0.8922528940338379,0.8095668355151255,0.837691510993521,8,0.8222522958288963
AdaBoost,0.8226993865030675,0.7761183150935873,0.6961093585699264,0.7454954954954955,0.6528599605522682,0.7662682409309911,0.9034417531232382,0.8070272978394838,0.1006233303650935,0.34714003944773175,0.6528599605522682,0.8993766696349065,0.7854734753005543,0.8192454359791229,8,0.7121857168081283
SMOTE+RF,0.8257668711656442,0.785376940113566,0.7078189300411523,0.7397849462365591,0.6785009861932939,0.7780709919639593,0.8908214647648856,0.7740425306086012,0.10774710596616206,0.3214990138067061,0.6785009861932939,0.8922528940338379,0.791846527957639,0.8236017428757716,8,0.7429086512339356
ADASYN+RF,0.8233128834355828,0.7846779108509364,0.7061224489795919,0.7315010570824524,0.6824457593688363,0.7779897242128144,0.8931187770149344,0.7740216195433188,0.11308993766696349,0.3175542406311637,0.6824457593688363,0.8869100623330365,0.7899033297529539,0.8215653067814146,8,0.7404968485040666
Under+RF,0.8104294478527607,0.810490181097757,0.726790450928382,0.6586538461538461,0.8106508875739645,0.8104901651650707,0.8908644954607007,0.7692550531407741,0.18967052537845058,0.1893491124260355,0.8106508875739645,0.8103294746215495,0.7908259441114432,0.8150258605536308,8,0.8413565957183563
ThresholdWrapperRF,0.8276073619631902,0.7818440321693969,0.704521556256572,0.7545045045045045,0.6607495069033531,0.7724093516973319,0.8904666810687771,0.7775823705843647,0.09706144256455922,0.33925049309664695,0.6607495069033531,0.9029385574354408,0.7914119258112656,0.8242490225264137,8,0.7308776670253649
ThresholdWrapperGB,0.8257668711656442,0.8405545866330852,0.7585034013605442,0.6666666666666666,0.8796844181459567,0.8396432989047736,0.9113558884433601,0.8206513275485233,0.19857524487978628,0.1203155818540434,0.8796844181459567,0.8014247551202137,0.8111135049029208,0.8309956053827393,8,1.0
AdaBS,0.807361963190184,0.8196241049176182,0.733446519524618,0.6438152011922503,0.8520710059171598,0.8189816066173481,0.9011005319999086,0.808533377269588,0.21282279608192342,0.14792899408284024,0.8520710059171598,0.7871772039180766,0.7913149984750851,0.8131843132195563,8,0.8839615686129695
BalancedRF,0.8128834355828221,0.7927966615205467,0.7109004739336493,0.6843065693430657,0.7396449704142012,0.7910129229353083,0.8760285653566016,0.7188961957053451,0.15405164737310775,0.2603550295857988,0.7396449704142012,0.8459483526268923,0.7862892392343983,0.8147797174094055,8,0.7695111956249959
EasyEnsemble,0.8239263803680982,0.8235311164621391,0.743978590544157,0.6791530944625407,0.8224852071005917,0.8235304522936506,0.9028164907677203,0.8099510115731786,0.17542297417631345,0.17751479289940827,0.8224852071005917,0.8245770258236865,0.8049018712421581,0.8279256386715865,8,0.9035325896518522
RUSBoost,0.801840490797546,0.7858643286069822,0.7000928505106778,0.6614035087719298,0.7435897435897436,0.7847264507065652,0.8818078512578136,0.7742808853642582,0.17186108637577915,0.2564102564102564,0.7435897435897436,0.8281389136242209,0.7760656648339006,0.8047768633756828,8,0.7445993187723434
CCE,0.8521472392638036,0.8440119713152112,0.7758139534883721,0.7341549295774648,0.8224852071005917,0.8437374035479506,0.9238400592945425,0.8492707703033358,0.13446126447016918,0.17751479289940827,0.8224852071005917,0.8655387355298308,0.8327582353254217,0.854278282939914,9,1.0
RF,0.8392638036809816,0.8038274486661362,0.7331975560081466,0.7578947368421053,0.7100591715976331,0.7983395752715221,0.9055932879139947,0.8122273664176013,0.10240427426536064,0.28994082840236685,0.7100591715976331,0.8975957257346393,0.8090921932806316,0.8377738476118285,9,0.7951568422937991
GB,0.854601226993865,0.8230727078250881,0.7598784194528876,0.78125,0.7396449704142012,0.8188336186289759,0.9241324923905923,0.8501611212712583,0.09349955476402494,0.2603550295857988,0.7396449704142012,0.9065004452359751,0.8278054657757179,0.8534760550609103,9,1.0
AdaBoost,0.8515337423312883,0.8105683388921967,0.7463312368972747,0.796420581655481,0.7021696252465484,0.803287464669046,0.9172721700292081,0.8365116583434847,0.08103294746215495,0.2978303747534517,0.7021696252465484,0.918967052537845,0.820693805786018,0.8487964698568561,9,0.8234525975069542
SMOTE+RF,0.8368098159509203,0.8042103340411444,0.7323943661971831,0.7474332648870636,0.717948717948718,0.7995706316315601,0.9042110365831169,0.8102783390617264,0.10952804986642921,0.28205128205128205,0.717948717948718,0.8904719501335708,0.8075034496475766,0.8358882321049033,9,0.7967118184864284
ADASYN+RF,0.8368098159509203,0.8031284194035067,0.7313131313131314,0.7494824016563147,0.7140039447731755,0.7981679560565197,0.9046957905441363,0.8094621259799806,0.10774710596616206,0.2859960552268245,0.7140039447731755,0.8922528940338379,0.8070662572865217,0.8356944325010054,9,0.7923334589093024
Under+RF,0.8202453987730062,0.8257283164811078,0.7441048034934498,0.6677115987460815,0.8402366863905325,0.8256008477716672,0.8994012586039437,0.7920862011240664,0.188780053428317,0.15976331360946747,0.8402366863905325,0.811219946571683,0.8027852622668195,0.8249614356437494,9,0.9231378740543232
ThresholdWrapperRF,0.8374233128834356,0.7981640821903854,0.7265221878224974,0.7619047619047619,0.6942800788954635,0.7913747632811151,0.9023545694208069,0.8026721805094207,0.09795191451469279,0.3057199211045365,0.6942800788954635,0.9020480854853072,0.8054260873638894,0.835244984368489,9,0.772845248982888
ThresholdWrapperGB,0.8245398773006135,0.8391231573641328,0.7568027210884354,0.6651718983557549,0.8777120315581854,0.838235391768438,0.9217851240250033,0.8445759782489024,0.19946571682991987,0.1222879684418146,0.8777120315581854,0.8005342831700801,0.8097833183177301,0.82980543358966,9,1.0
AdaBS,0.8122699386503067,0.8285955659063406,0.7428571428571429,0.6471449487554904,0.8717948717948718,0.8274686893232867,0.9145287436266271,0.8351417637554709,0.21460373998219057,0.1282051282051282,0.8717948717948718,0.7853962600178095,0.7975155279503106,0.8181717029303053,9,0.9538459062720949
BalancedRF,0.8251533742331288,0.8054880822536141,0.7283126787416587,0.7047970479704797,0.7534516765285996,0.8038054883688135,0.8791197500355661,0.7261182646689116,0.14247551202137132,0.2465483234714004,0.7534516765285996,0.8575244879786287,0.7997058644725933,0.8266863567488237,9,0.8019450901257463
EasyEnsemble,0.8319018404907975,0.8336468426885579,0.7562277580071174,0.6888168557536467,0.8382642998027613,0.8336340548552462,0.9172765609165363,0.8392102488863749,0.1709706144256456,0.16173570019723865,0.8382642998027613,0.8290293855743545,0.8139753022245324,0.8357989140269422,9,1.0
RUSBoost,0.8177914110429448,0.7947356773646246,0.7146974063400576,0.6966292134831461,0.7337278106508875,0.7923905836613958,0.8934015501588622,0.7992406995197507,0.14425645592163847,0.26627218934911245,0.7337278106508875,0.8557435440783615,0.7904266662164461,0.819045822096112,9,0.759936638335694
