rho,Kmax,acc_mean,acc_std,acc_var,balanced_accuracy_mean,balanced_accuracy_std,balanced_accuracy_var,f1_mean,f1_std,f1_var,precision_mean,precision_std,precision_var,recall_mean,recall_std,recall_var,gmean_mean,gmean_std,gmean_var,auc_mean,auc_std,auc_var,pr_auc_mean,pr_auc_std,pr_auc_var,fpr_mean,fpr_std,fpr_var,fnr_mean,fnr_std,fnr_var,tpr_mean,tpr_std,tpr_var,tnr_mean,tnr_std,tnr_var,f1_macro_mean,f1_macro_std,f1_macro_var,f1_weighted_mean,f1_weighted_std,f1_weighted_var,n_selected_mean,n_selected_std,n_selected_var,eff_mean_sel_mean,eff_mean_sel_std,eff_mean_sel_var,n
0.0,5,0.9960061093360487,0.003183250151291946,1.0133081525700195e-05,0.9389179373916139,0.016465955260213754,0.00027112768263136096,0.5100059961938751,0.20018068426240757,0.04007230635176571,0.3946050281799584,0.2212094169557463,0.04893360614990123,0.8816326530612244,0.035085161791095595,0.0012309685779073542,0.9369799253909605,0.0177421998575981,0.0003147856557869541,0.9816242728802269,0.006422854854431137,4.125306448108963e-05,0.8532992280264425,0.0274010061554063,0.000750815138328614,0.0037967782779966238,0.0032302898834666947,1.0434772731227272e-05,0.11836734693877551,0.03508516179109558,0.0012309685779073535,0.8816326530612244,0.035085161791095595,0.0012309685779073542,0.9962032217220033,0.003230289883466672,1.0434772731227127e-05,0.7539998230285911,0.10083902662281398,0.010168509290236586,0.997154093842458,0.0019253744971729065,3.7070669543638225e-06,5.0,0.0,0.0,1.0,0.0,0.0,10
0.0,10,0.9946315087251151,0.0027316917909910718,7.462140040968008e-06,0.9402667517485328,0.015299107098816277,0.0002340626780210506,0.4061108027090928,0.15599709950944568,0.0243350950553599,0.28301533347065955,0.1646364046808029,0.0271051457462211,0.8857142857142858,0.03255370371157931,0.0010597436253412926,0.9385231367955841,0.01635960125149071,0.0002676365531077764,0.9822465058054736,0.005158207110419341,2.660710059398065e-05,0.8535485086123293,0.027910440545563797,0.0007789926914474515,0.005180782217220034,0.002776842304965921,7.710853186648447e-06,0.11428571428571428,0.03255370371157932,0.001059743625341293,0.8857142857142858,0.03255370371157931,0.0010597436253412926,0.9948192177827799,0.0027768423049659104,7.71085318664839e-06,0.7017067330639186,0.0786418876338718,0.006184546490618518,0.9962855502143354,0.0016267631966726682,2.646358498048678e-06,10.0,0.0,0.0,0.999999999599569,1.266273932971113e-09,1.6034496733221307e-18,10
0.0,15,0.9951142867174607,0.0028971236535612946,8.393325464024345e-06,0.940508556756974,0.015139379125225321,0.00022920080029730823,0.4343469977824874,0.15968197451818594,0.02549833298602659,0.30820672304031627,0.16511029980881245,0.027261411102955935,0.8857142857142858,0.03255370371157931,0.0010597436253412928,0.9387487163477879,0.016212182024034863,0.00026283484598043917,0.9829449858164988,0.004751521537741023,2.257695692361681e-05,0.8548771010248529,0.02608346686778066,0.0006803472438426113,0.004697172200337648,0.0029462583112087985,8.680438036366922e-06,0.11428571428571428,0.03255370371157932,0.001059743625341293,0.8857142857142858,0.03255370371157931,0.0010597436253412928,0.9953028277996623,0.0029462583112087977,8.680438036366917e-06,0.7159462224000468,0.08051671551159344,0.006482941476774872,0.9965764949438546,0.001714094999034844,2.938121665716262e-06,15.0,0.0,0.0,0.9999999941519506,1.4242951366062558e-08,2.0286166361602327e-16,10
0.0,20,0.9955917980407991,0.0030376756074379377,9.227473096023445e-06,0.9397290743112101,0.013194631271140473,0.00017409829438135808,0.4628670363756968,0.15731773903856905,0.02474887101620731,0.33222899424846125,0.15825371323414847,0.0250442377523961,0.883673469387755,0.028539016276738854,0.0008144754500439653,0.9379300002387649,0.014079747727126042,0.00019823929605951096,0.9829436937971587,0.0046780938779265695,2.1884562330694046e-05,0.8555121992559892,0.026408067051361218,0.0006973860053891899,0.0042153207653348335,0.0030784287092047633,9.476723317656105e-06,0.11632653061224489,0.028539016276738816,0.0008144754500439631,0.883673469387755,0.028539016276738854,0.0008144754500439653,0.9957846792346652,0.003078428709204722,9.476723317655853e-06,0.7303262736588799,0.07936803072025214,0.0062992843004108885,0.9968652130152433,0.0017812508018624192,3.1728544191355114e-06,20.0,0.0,0.0,0.9999999782021705,4.0991704206323275e-08,1.680319813738701e-15,10
0.01,5,0.9960061093360487,0.003183250151291946,1.0133081525700195e-05,0.9389179373916139,0.016465955260213754,0.00027112768263136096,0.5100059961938751,0.20018068426240757,0.04007230635176571,0.3946050281799584,0.2212094169557463,0.04893360614990123,0.8816326530612244,0.035085161791095595,0.0012309685779073542,0.9369799253909605,0.0177421998575981,0.0003147856557869541,0.9816242728802269,0.006422854854431137,4.125306448108963e-05,0.8532992280264425,0.0274010061554063,0.000750815138328614,0.0037967782779966238,0.0032302898834666947,1.0434772731227272e-05,0.11836734693877551,0.03508516179109558,0.0012309685779073535,0.8816326530612244,0.035085161791095595,0.0012309685779073542,0.9962032217220033,0.003230289883466672,1.0434772731227127e-05,0.7539998230285911,0.10083902662281398,0.010168509290236586,0.997154093842458,0.0019253744971729065,3.7070669543638225e-06,5.0,0.0,0.0,1.0,0.0,0.0,10
0.01,10,0.9946315087251151,0.0027316917909910718,7.462140040968008e-06,0.9402667517485328,0.015299107098816277,0.0002340626780210506,0.4061108027090928,0.15599709950944568,0.0243350950553599,0.28301533347065955,0.1646364046808029,0.0271051457462211,0.8857142857142858,0.03255370371157931,0.0010597436253412926,0.9385231367955841,0.01635960125149071,0.0002676365531077764,0.9822465058054736,0.005158207110419341,2.660710059398065e-05,0.8535485086123293,0.027910440545563797,0.0007789926914474515,0.005180782217220034,0.002776842304965921,7.710853186648447e-06,0.11428571428571428,0.03255370371157932,0.001059743625341293,0.8857142857142858,0.03255370371157931,0.0010597436253412926,0.9948192177827799,0.0027768423049659104,7.71085318664839e-06,0.7017067330639186,0.0786418876338718,0.006184546490618518,0.9962855502143354,0.0016267631966726682,2.646358498048678e-06,10.0,0.0,0.0,0.999999999599569,1.266273932971113e-09,1.6034496733221307e-18,10
0.01,15,0.9951142867174607,0.0028971236535612946,8.393325464024345e-06,0.940508556756974,0.015139379125225321,0.00022920080029730823,0.4343469977824874,0.15968197451818594,0.02549833298602659,0.30820672304031627,0.16511029980881245,0.027261411102955935,0.8857142857142858,0.03255370371157931,0.0010597436253412928,0.9387487163477879,0.016212182024034863,0.00026283484598043917,0.9829449858164988,0.004751521537741023,2.257695692361681e-05,0.8548771010248529,0.02608346686778066,0.0006803472438426113,0.004697172200337648,0.0029462583112087985,8.680438036366922e-06,0.11428571428571428,0.03255370371157932,0.001059743625341293,0.8857142857142858,0.03255370371157931,0.0010597436253412928,0.9953028277996623,0.0029462583112087977,8.680438036366917e-06,0.7159462224000468,0.08051671551159344,0.006482941476774872,0.9965764949438546,0.001714094999034844,2.938121665716262e-06,15.0,0.0,0.0,0.9999999941519506,1.4242951366062558e-08,2.0286166361602327e-16,10
0.01,20,0.9955917980407991,0.0030376756074379377,9.227473096023445e-06,0.9397290743112101,0.013194631271140473,0.00017409829438135808,0.4628670363756968,0.15731773903856905,0.02474887101620731,0.33222899424846125,0.15825371323414847,0.0250442377523961,0.883673469387755,0.028539016276738854,0.0008144754500439653,0.9379300002387649,0.014079747727126042,0.00019823929605951096,0.9829436937971587,0.0046780938779265695,2.1884562330694046e-05,0.8555121992559892,0.026408067051361218,0.0006973860053891899,0.0042153207653348335,0.0030784287092047633,9.476723317656105e-06,0.11632653061224489,0.028539016276738816,0.0008144754500439631,0.883673469387755,0.028539016276738854,0.0008144754500439653,0.9957846792346652,0.003078428709204722,9.476723317655853e-06,0.7303262736588799,0.07936803072025214,0.0062992843004108885,0.9968652130152433,0.0017812508018624192,3.1728544191355114e-06,20.0,0.0,0.0,0.9999999782021705,4.0991704206323275e-08,1.680319813738701e-15,10
0.1,5,0.9960061093360487,0.003183250151291946,1.0133081525700195e-05,0.9389179373916139,0.016465955260213754,0.00027112768263136096,0.5100059961938751,0.20018068426240757,0.04007230635176571,0.3946050281799584,0.2212094169557463,0.04893360614990123,0.8816326530612244,0.035085161791095595,0.0012309685779073542,0.9369799253909605,0.0177421998575981,0.0003147856557869541,0.9816242728802269,0.006422854854431137,4.125306448108963e-05,0.8532992280264425,0.0274010061554063,0.000750815138328614,0.0037967782779966238,0.0032302898834666947,1.0434772731227272e-05,0.11836734693877551,0.03508516179109558,0.0012309685779073535,0.8816326530612244,0.035085161791095595,0.0012309685779073542,0.9962032217220033,0.003230289883466672,1.0434772731227127e-05,0.7539998230285911,0.10083902662281398,0.010168509290236586,0.997154093842458,0.0019253744971729065,3.7070669543638225e-06,5.0,0.0,0.0,1.0,0.0,0.0,10
0.1,10,0.9946315087251151,0.0027316917909910718,7.462140040968008e-06,0.9402667517485328,0.015299107098816277,0.0002340626780210506,0.4061108027090928,0.15599709950944568,0.0243350950553599,0.28301533347065955,0.1646364046808029,0.0271051457462211,0.8857142857142858,0.03255370371157931,0.0010597436253412926,0.9385231367955841,0.01635960125149071,0.0002676365531077764,0.9822465058054736,0.005158207110419341,2.660710059398065e-05,0.8535485086123293,0.027910440545563797,0.0007789926914474515,0.005180782217220034,0.002776842304965921,7.710853186648447e-06,0.11428571428571428,0.03255370371157932,0.001059743625341293,0.8857142857142858,0.03255370371157931,0.0010597436253412926,0.9948192177827799,0.0027768423049659104,7.71085318664839e-06,0.7017067330639186,0.0786418876338718,0.006184546490618518,0.9962855502143354,0.0016267631966726682,2.646358498048678e-06,10.0,0.0,0.0,0.999999999599569,1.266273932971113e-09,1.6034496733221307e-18,10
0.1,15,0.9951142867174607,0.0028971236535612946,8.393325464024345e-06,0.940508556756974,0.015139379125225321,0.00022920080029730823,0.4343469977824874,0.15968197451818594,0.02549833298602659,0.30820672304031627,0.16511029980881245,0.027261411102955935,0.8857142857142858,0.03255370371157931,0.0010597436253412928,0.9387487163477879,0.016212182024034863,0.00026283484598043917,0.9829449858164988,0.004751521537741023,2.257695692361681e-05,0.8548771010248529,0.02608346686778066,0.0006803472438426113,0.004697172200337648,0.0029462583112087985,8.680438036366922e-06,0.11428571428571428,0.03255370371157932,0.001059743625341293,0.8857142857142858,0.03255370371157931,0.0010597436253412928,0.9953028277996623,0.0029462583112087977,8.680438036366917e-06,0.7159462224000468,0.08051671551159344,0.006482941476774872,0.9965764949438546,0.001714094999034844,2.938121665716262e-06,15.0,0.0,0.0,0.9999999941519506,1.4242951366062558e-08,2.0286166361602327e-16,10
0.1,20,0.9955917980407991,0.0030376756074379377,9.227473096023445e-06,0.9397290743112101,0.013194631271140473,0.00017409829438135808,0.4628670363756968,0.15731773903856905,0.02474887101620731,0.33222899424846125,0.15825371323414847,0.0250442377523961,0.883673469387755,0.028539016276738854,0.0008144754500439653,0.9379300002387649,0.014079747727126042,0.00019823929605951096,0.9829436937971587,0.0046780938779265695,2.1884562330694046e-05,0.8555121992559892,0.026408067051361218,0.0006973860053891899,0.0042153207653348335,0.0030784287092047633,9.476723317656105e-06,0.11632653061224489,0.028539016276738816,0.0008144754500439631,0.883673469387755,0.028539016276738854,0.0008144754500439653,0.9957846792346652,0.003078428709204722,9.476723317655853e-06,0.7303262736588799,0.07936803072025214,0.0062992843004108885,0.9968652130152433,0.0017812508018624192,3.1728544191355114e-06,20.0,0.0,0.0,0.9999999782021705,4.0991704206323275e-08,1.680319813738701e-15,10
1.0,5,0.9960061093360487,0.003183250151291946,1.0133081525700195e-05,0.9389179373916139,0.016465955260213754,0.00027112768263136096,0.5100059961938751,0.20018068426240757,0.04007230635176571,0.3946050281799584,0.2212094169557463,0.04893360614990123,0.8816326530612244,0.035085161791095595,0.0012309685779073542,0.9369799253909605,0.0177421998575981,0.0003147856557869541,0.9816242728802269,0.006422854854431137,4.125306448108963e-05,0.8532992280264425,0.0274010061554063,0.000750815138328614,0.0037967782779966238,0.0032302898834666947,1.0434772731227272e-05,0.11836734693877551,0.03508516179109558,0.0012309685779073535,0.8816326530612244,0.035085161791095595,0.0012309685779073542,0.9962032217220033,0.003230289883466672,1.0434772731227127e-05,0.7539998230285911,0.10083902662281398,0.010168509290236586,0.997154093842458,0.0019253744971729065,3.7070669543638225e-06,5.0,0.0,0.0,1.0,0.0,0.0,10
1.0,10,0.9946315087251151,0.0027316917909910718,7.462140040968008e-06,0.9402667517485328,0.015299107098816277,0.0002340626780210506,0.4061108027090928,0.15599709950944568,0.0243350950553599,0.28301533347065955,0.1646364046808029,0.0271051457462211,0.8857142857142858,0.03255370371157931,0.0010597436253412926,0.9385231367955841,0.01635960125149071,0.0002676365531077764,0.9822465058054736,0.005158207110419341,2.660710059398065e-05,0.8535485086123293,0.027910440545563797,0.0007789926914474515,0.005180782217220034,0.002776842304965921,7.710853186648447e-06,0.11428571428571428,0.03255370371157932,0.001059743625341293,0.8857142857142858,0.03255370371157931,0.0010597436253412926,0.9948192177827799,0.0027768423049659104,7.71085318664839e-06,0.7017067330639186,0.0786418876338718,0.006184546490618518,0.9962855502143354,0.0016267631966726682,2.646358498048678e-06,10.0,0.0,0.0,0.999999999599569,1.266273932971113e-09,1.6034496733221307e-18,10
1.0,15,0.9951142867174607,0.0028971236535612946,8.393325464024345e-06,0.940508556756974,0.015139379125225321,0.00022920080029730823,0.4343469977824874,0.15968197451818594,0.02549833298602659,0.30820672304031627,0.16511029980881245,0.027261411102955935,0.8857142857142858,0.03255370371157931,0.0010597436253412928,0.9387487163477879,0.016212182024034863,0.00026283484598043917,0.9829449858164988,0.004751521537741023,2.257695692361681e-05,0.8548771010248529,0.02608346686778066,0.0006803472438426113,0.004697172200337648,0.0029462583112087985,8.680438036366922e-06,0.11428571428571428,0.03255370371157932,0.001059743625341293,0.8857142857142858,0.03255370371157931,0.0010597436253412928,0.9953028277996623,0.0029462583112087977,8.680438036366917e-06,0.7159462224000468,0.08051671551159344,0.006482941476774872,0.9965764949438546,0.001714094999034844,2.938121665716262e-06,15.0,0.0,0.0,0.9999999941519506,1.4242951366062558e-08,2.0286166361602327e-16,10
1.0,20,0.9955917980407991,0.0030376756074379377,9.227473096023445e-06,0.9397290743112101,0.013194631271140473,0.00017409829438135808,0.4628670363756968,0.15731773903856905,0.02474887101620731,0.33222899424846125,0.15825371323414847,0.0250442377523961,0.883673469387755,0.028539016276738854,0.0008144754500439653,0.9379300002387649,0.014079747727126042,0.00019823929605951096,0.9829436937971587,0.0046780938779265695,2.1884562330694046e-05,0.8555121992559892,0.026408067051361218,0.0006973860053891899,0.0042153207653348335,0.0030784287092047633,9.476723317656105e-06,0.11632653061224489,0.028539016276738816,0.0008144754500439631,0.883673469387755,0.028539016276738854,0.0008144754500439653,0.9957846792346652,0.003078428709204722,9.476723317655853e-06,0.7303262736588799,0.07936803072025214,0.0062992843004108885,0.9968652130152433,0.0017812508018624192,3.1728544191355114e-06,20.0,0.0,0.0,0.9999999782021705,4.0991704206323275e-08,1.680319813738701e-15,10
