method,Kmax,acc_mean,acc_std,acc_var,balanced_accuracy_mean,balanced_accuracy_std,balanced_accuracy_var,f1_mean,f1_std,f1_var,precision_mean,precision_std,precision_var,recall_mean,recall_std,recall_var,gmean_mean,gmean_std,gmean_var,auc_mean,auc_std,auc_var,pr_auc_mean,pr_auc_std,pr_auc_var,fpr_mean,fpr_std,fpr_var,fnr_mean,fnr_std,fnr_var,tpr_mean,tpr_std,tpr_var,tnr_mean,tnr_std,tnr_var,f1_macro_mean,f1_macro_std,f1_macro_var,f1_weighted_mean,f1_weighted_std,f1_weighted_var,eff_mean,eff_std,eff_var,n
CCE[CAR-DEA],5,0.7356234096692111,0.020533255221085234,0.00042161456997422397,0.6801108613608614,0.022973098101520286,0.000527763236382075,0.21804320058527465,0.017209850551038165,0.0002961789559890686,0.1325512599608059,0.011455427552839676,0.0001312268204183584,0.6170940170940171,0.045110403650663246,0.0020349485175257718,0.6765920592148696,0.024778118609963474,0.0006139551618494182,0.7453761516261517,0.023696939282454338,0.0005615449313563275,0.16781031525027118,0.01772977553789209,0.00031434494062403676,0.25687229437229436,0.022249914451760052,0.0004950586931106409,0.38290598290598293,0.04511040365066323,0.002034948517525771,0.6170940170940171,0.045110403650663246,0.0020349485175257718,0.7431277056277057,0.022249914451760073,0.0004950586931106417,0.5294030679120533,0.01448143593762449,0.00020971198681552208,0.8036849663052614,0.014272193320479562,0.00020369550217714144,0.9862541240434355,0.022304779345418538,0.0004975031816478095,40
CCE[CAR-DEA],10,0.7494656488549618,0.010052199516200233,0.0001010467151134962,0.6858689921189922,0.023288470534015535,0.0005423528598137098,0.22582510947314813,0.015598705087602542,0.00024331960040999744,0.13841762508342884,0.009592973698584919,9.202514438174201e-05,0.6136752136752137,0.0473786557902099,0.00224473702448719,0.6815076503711854,0.02597188017637697,0.0006745385598960831,0.7532287157287157,0.02304807874116768,0.0005312139336590654,0.17642529127247847,0.018560391293750436,0.000344488124977127,0.24193722943722945,0.010837624035129757,0.00011745409472682219,0.38632478632478634,0.04737865579020989,0.002244737024487189,0.6136752136752137,0.0473786557902099,0.00224473702448719,0.7580627705627705,0.010837624035129783,0.00011745409472682277,0.5381683773685866,0.00983334953908002,9.669476315772524e-05,0.8133165690871635,0.006897236938311737,4.757187738321186e-05,0.9862541240434355,0.022304779345418538,0.0004975031816478095,40
CCE[CAR-DEA],15,0.7524173027989822,0.010261937104500934,0.00010530735313673302,0.6886391386391386,0.02571128086506854,0.0006610699637224398,0.22882587413619587,0.01871891824880092,0.00035039790040529206,0.14052009105847452,0.011809175110623788,0.00013945661679337634,0.6162393162393163,0.04652491638940602,0.0021645678450412206,0.6844013794788649,0.02808587457307072,0.0007888163505342604,0.753458115958116,0.023423317127965033,0.0005486517852772201,0.17651771192293103,0.020500535741436357,0.00042027196568590955,0.23896103896103896,0.00924253407209228,8.54244360737867e-05,0.3837606837606838,0.046524916389405986,0.0021645678450412176,0.6162393162393163,0.04652491638940602,0.0021645678450412206,0.7610389610389611,0.009242534072092272,8.542443607378654e-05,0.5406718496680697,0.012253648793256437,0.00015015190874847494,0.8153819685717204,0.007258309918322938,5.268306287042514e-05,0.9862541240434355,0.022304779345418538,0.0004975031816478095,40
CCE[CAR-DEA],20,0.7587786259541984,0.012311217985360461,0.00015156608828306289,0.6896194083694084,0.026434293990808547,0.000698771898792497,0.23201133049609393,0.019882433993595034,0.00039531118150966344,0.14323934187393836,0.012757476033076243,0.00016275319473451475,0.6111111111111112,0.04930820364553256,0.0024312989467493106,0.6846010032932345,0.029318075399303374,0.0008595495451192378,0.754053354053354,0.02342814257365815,0.0005488778644516536,0.17536730741623227,0.02316594072179534,0.0005366608095257357,0.23187229437229434,0.012163679511307444,0.0001479550992538005,0.3888888888888889,0.049308203645532546,0.0024312989467493093,0.6111111111111112,0.04930820364553256,0.0024312989467493106,0.7681277056277056,0.012163679511307458,0.00014795509925380086,0.5444452139695434,0.013170713808866011,0.0001734677022350538,0.8196732304034064,0.008555230915755392,7.319197602189685e-05,0.9862541240434355,0.022304779345418538,0.0004975031816478095,40
CCE[CAR-FDH],5,0.7848346055979644,0.05117727040090369,0.0026191130056872126,0.6658445720945722,0.04416116863254415,0.0019502088149920011,0.22475611399753648,0.02600733919856009,0.0006763816921889601,0.14894436715771903,0.019629338964529945,0.0003853109481844135,0.5307692307692308,0.13981074399390866,0.01954704413613027,0.6402956358554268,0.0877725276476271,0.007704016609653463,0.7459027084027084,0.027171845840145287,0.0007383092063606208,0.16666721187559339,0.019881166742444882,0.0003952607910408964,0.19908008658008658,0.06222295786390139,0.003871696485332848,0.46923076923076923,0.13981074399390866,0.01954704413613027,0.5307692307692308,0.13981074399390866,0.01954704413613027,0.8009199134199134,0.06222295786390148,0.0038716964853328594,0.549274012071775,0.018472798703841397,0.0003412442919526444,0.8351470306806842,0.030929018581738035,0.0009566041904294967,0.9750343915496913,0.04905847427301309,0.002406733897995887,40
CCE[CAR-FDH],10,0.8204580152671757,0.05583582657670289,0.0031176395295036408,0.6559627872127872,0.04005366623026339,0.0016042961784853422,0.23773889550648306,0.020898374907496315,0.0004367420737742717,0.16787670858005882,0.025315508097876964,0.0006408749502536742,0.46923076923076923,0.1407720576553075,0.019816772216509224,0.6170215888991077,0.07802478556716559,0.006087867162802171,0.750761507011507,0.024405074737428496,0.0005956076729394705,0.17246769937162626,0.021514128055226373,0.0004628577059766785,0.1573051948051948,0.06770556329856335,0.004584043301575768,0.5307692307692308,0.14077205765530754,0.01981677221650923,0.46923076923076923,0.1407720576553075,0.019816772216509224,0.8426948051948052,0.06770556329856338,0.0045840433015757725,0.567289209485482,0.022130911920195163,0.0004897772624194364,0.8575953639372109,0.03395427702248843,0.0011528929281198858,0.9750343915496913,0.04905847427301309,0.002406733897995887,40
CCE[CAR-FDH],15,0.8261068702290076,0.05751660319512234,0.0033081596431051574,0.6533619158619158,0.053257297956322114,0.0028363397856084713,0.23475250463799252,0.03944010124133895,0.001555521585927066,0.16916031438967452,0.03075432784271635,0.000945828681057278,0.45726495726495725,0.169719507571966,0.028804711250470627,0.6048053327523244,0.10938053747489838,0.01196410197829765,0.7496619121619121,0.026205024829562443,0.0006867033263179841,0.1704140872955556,0.02183197409042624,0.0004766350926850427,0.15054112554112553,0.07106301747428019,0.0050499524525498525,0.5427350427350428,0.16971950757196597,0.028804711250470617,0.45726495726495725,0.169719507571966,0.028804711250470627,0.8494588744588745,0.07106301747428018,0.005049952452549849,0.5675363054676077,0.02428389073423648,0.0005897073491923364,0.8606908903205663,0.03405160114464548,0.0011595115405140214,0.9750343915496913,0.04905847427301309,0.002406733897995887,40
CCE[CAR-FDH],20,0.8325699745547073,0.06194238131439477,0.0038368586028978825,0.6391851204351204,0.05557801088732235,0.0030889152941913217,0.2237718986364429,0.03880427701612912,0.0015057719147444867,0.1675978966022439,0.027291723259699953,0.0007448381584840473,0.41965811965811967,0.18162734781693943,0.03298849347501549,0.577483872566013,0.11961728227922398,0.01430829421986755,0.7496198246198247,0.026344142543513544,0.0006940138463529602,0.1695134647824876,0.022798177045309818,0.0005197568765892915,0.1412878787878788,0.0767118943327391,0.00588471473211733,0.5803418803418803,0.18162734781693946,0.0329884934750155,0.41965811965811967,0.18162734781693943,0.03298849347501549,0.8587121212121213,0.07671189433273908,0.005884714732117326,0.56404114268628,0.022479900205570974,0.0005053459132524299,0.863789774467587,0.03625660383090663,0.0013145413213513132,0.9750343915496913,0.04905847427301309,0.002406733897995887,40
CCE[DEA],5,0.8692620865139948,0.06694284020048509,0.0044813438541076835,0.5950459262959263,0.05540288991218473,0.00306948021062166,0.18777374370614758,0.04209917613103661,0.0017723406309120425,0.20813113703162575,0.06607327700179005,0.004365677933755279,0.28376068376068375,0.19132458672658048,0.03660509748609682,0.4684486691820028,0.15196245758044055,0.023092588513887197,0.7441637066637067,0.02989338797730045,0.0008936146447614111,0.1686111083066301,0.0235144425797556,0.0005529290098366232,0.09366883116883117,0.08304739589566781,0.006896869965051782,0.7162393162393161,0.19132458672658048,0.03660509748609682,0.28376068376068375,0.19132458672658048,0.03660509748609682,0.9063311688311689,0.08304739589566774,0.006896869965051771,0.5572980088184286,0.014913362524287467,0.00022240838178082186,0.8828178576272625,0.03692569418809367,0.0013635068912726143,0.8392802558198825,0.14686832216522858,0.021570304055629368,40
CCE[DEA],10,0.8958778625954199,0.03384359800675648,0.0011453891260429312,0.5799748862248861,0.03746936675305038,0.0014039534448745973,0.19064859788311744,0.040926957002516806,0.0016750158094858596,0.21067709747847968,0.06128829853636692,0.0037562555374828356,0.22136752136752139,0.11686736519600388,0.013657981047856139,0.4373382611398856,0.10943127234898205,0.011975203367917082,0.7511953324453324,0.02555825691842058,0.0006532244967079934,0.173896924214633,0.027010152501756927,0.000729548338168166,0.06141774891774891,0.04321661688307904,0.001867675974818832,0.7786324786324786,0.11686736519600384,0.01365798104785613,0.22136752136752139,0.11686736519600388,0.013657981047856139,0.938582251082251,0.043216616883079026,0.001867675974818831,0.5672307701753939,0.014743470748548081,0.0002173699297132929,0.8989680425611093,0.017030662164374644,0.000290043453757062,0.8392802558198825,0.14686832216522858,0.021570304055629368,40
CCE[DEA],15,0.9140966921119592,0.015730428517833298,0.0002474463813546631,0.5536345598845599,0.02028171214350709,0.00041134784747208286,0.1612764516867082,0.03572442774083031,0.0012762347374098064,0.2173853799270716,0.060934962572583906,0.0037130696637222016,0.14444444444444443,0.057475383774052674,0.0033034197399746377,0.364884952448029,0.07112293113597068,0.005058471333372028,0.7505587005587006,0.024677690844842292,0.000608988425433613,0.17305386797262684,0.026153244390400156,0.0006839921921439972,0.03717532467532468,0.01991512405416259,0.00039661216609268547,0.8555555555555555,0.05747538377405261,0.00330341973997463,0.14444444444444443,0.057475383774052674,0.0033034197399746377,0.9628246753246753,0.019915124054162604,0.0003966121660926859,0.5579460825904312,0.015405118104284854,0.00023731766380696498,0.9073787192796651,0.007135455500034932,5.0914725192978755e-05,0.8392802558198825,0.14686832216522858,0.021570304055629368,40
CCE[DEA],20,0.9233587786259541,0.011111863138741601,0.00012347350241412436,0.5441482128982129,0.010852360256400805,0.00011777372313470775,0.14846916306388785,0.02571707141322401,0.0006613677620728636,0.2453596856072048,0.07238400178210168,0.005239443713991299,0.11367521367521367,0.030246119408699913,0.0009148277392853336,0.3295573396888679,0.0439177009554453,0.001928764457211921,0.7502173752173753,0.02387038444404704,0.000569795253506603,0.1711928043521324,0.025150985563147807,0.0006325720747976694,0.02537878787878788,0.013233158732953935,0.000175116490051555,0.8863247863247864,0.030246119408699916,0.0009148277392853338,0.11367521367521367,0.030246119408699913,0.0009148277392853336,0.9746212121212121,0.013233158732953961,0.00017511649005155569,0.5541481031045936,0.012428921096924473,0.00015447807963357425,0.9115171846366351,0.005594340009578127,3.12966401427666e-05,0.8392802558198825,0.14686832216522858,0.021570304055629368,40
CCE[FDH],5,0.9279898218829518,0.007300535539416178,5.329781916227867e-05,0.5394050394050394,0.025046993086097643,0.0006273518626550232,0.1327226390159552,0.055731063684621863,0.0031059514594193776,0.2552824506907625,0.09976515802170557,0.009953086755095883,0.0982905982905983,0.05873901339695478,0.003450271694847633,0.29880762682283385,0.08212567301844619,0.006744626168732739,0.7417693417693417,0.024058685338438135,0.000578820340213978,0.17179088888010058,0.029210717246494197,0.0008532660020546335,0.01948051948051948,0.01063778411252966,0.00011316245082478846,0.9017094017094017,0.058739013396954774,0.003450271694847632,0.0982905982905983,0.05873901339695478,0.003450271694847633,0.9805194805194806,0.01063778411252969,0.00011316245082478908,0.5475597385377827,0.026730597545315725,0.000714524845129639,0.9129963895669345,0.0032812257323855216,1.0766442306868902e-05,0.8625572071752515,0.15047307346102398,0.022642145836806717,40
CCE[FDH],10,0.8824427480916031,0.048144615067517285,0.0023179039599994125,0.6008526196026196,0.0501169300212796,0.0025117066747578367,0.20716686578059104,0.050279727712022264,0.0025280510187951,0.2168493763330369,0.061167603596473906,0.0037414757297353674,0.2811965811965812,0.15716821386667035,0.024701847450039432,0.4817381615324482,0.13523998091749112,0.01828985243856336,0.749464886964887,0.025361392563632023,0.0006432002327666497,0.17352298120410023,0.02848381677921498,0.0008113278183118888,0.07949134199134199,0.060685022416235114,0.0036826719456589585,0.7188034188034188,0.15716821386667038,0.02470184745003944,0.2811965811965812,0.15716821386667035,0.024701847450039432,0.9205086580086579,0.060685022416235156,0.0036826719456589632,0.5712871915808789,0.020274738570582124,0.00041106502410545045,0.8920466236217433,0.025830213802653598,0.0006671999450907964,0.8625572071752515,0.15047307346102398,0.022642145836806717,40
CCE[FDH],15,0.8981170483460559,0.028813701822448138,0.0008302294127129512,0.585168303918304,0.03520537796689825,0.0012394186377921647,0.20364624743513068,0.03782058218745003,0.001430396436997663,0.2152423449928837,0.045726826525446886,0.0020909426640883127,0.2299145299145299,0.10397524373870243,0.010810851310522578,0.4513543241328953,0.0959898461027693,0.009214050554833335,0.749962074962075,0.028189828469481586,0.0007946664291387946,0.17317465615366473,0.02870875667082086,0.0008241927095844012,0.05957792207792208,0.03676260898890662,0.0013514894196712376,0.7700854700854701,0.10397524373870241,0.010810851310522574,0.2299145299145299,0.10397524373870243,0.010810851310522578,0.9404220779220779,0.03676260898890663,0.001351489419671239,0.5744169720049874,0.015195297035600686,0.000230897052000135,0.9010348469314108,0.01447519044053611,0.00020953113828978798,0.8625572071752515,0.15047307346102398,0.022642145836806717,40
CCE[FDH],20,0.9032061068702291,0.022953969928909572,0.0005268847354972849,0.5742639305139305,0.026749960168342,0.0007155603690078836,0.19342009788798883,0.03416502485577049,0.0011672489233954153,0.21316527352739473,0.048303747242798456,0.0023332519976961594,0.20085470085470086,0.07607834815591108,0.005787915058132019,0.4276797615967415,0.07588113203898805,0.005757946199518338,0.7519531394531395,0.024648646849111715,0.0006075557914922249,0.17400536349817125,0.02829630312658468,0.0008006807706315658,0.05232683982683982,0.028442193263875704,0.0008089583576596565,0.7991452991452992,0.07607834815591108,0.005787915058132019,0.20085470085470086,0.07607834815591108,0.005787915058132019,0.9476731601731603,0.028442193263875714,0.0008089583576596571,0.5708537396362614,0.015590159835461624,0.0002430530836952408,0.9033410851152741,0.011702015003992318,0.00013693715515366133,0.8625572071752515,0.15047307346102398,0.022642145836806717,40
