method,rho,Kmax,acc,balanced_accuracy,f1,precision,recall,gmean,auc,pr_auc,fpr,fnr,tpr,tnr,f1_macro,f1_weighted,n_selected,eff_mean_sel,run_seed
CCE[CAR-FDH],10.0,5,0.7221374045801526,0.6601315351315351,0.20175438596491227,0.12169312169312169,0.5897435897435898,0.6563681747458364,0.7083888333888335,0.136063511749849,0.2694805194805195,0.41025641025641024,0.5897435897435898,0.7305194805194806,0.5167736809676687,0.7942792278632267,5,1.0,0
CCE[CAR-FDH],10.0,10,0.7648854961832061,0.6588411588411589,0.21428571428571427,0.1337579617834395,0.5384615384615384,0.6477502756312957,0.7211746586746587,0.14633576015090521,0.22077922077922077,0.46153846153846156,0.5384615384615384,0.7792207792207793,0.5380225698897153,0.8232075556660644,10,1.0,0
CCE[CAR-FDH],10.0,15,0.7816793893129771,0.6517579642579643,0.21572212065813529,0.1372093023255814,0.5042735042735043,0.6348517764303554,0.7247012247012247,0.14118044400697805,0.20075757575757575,0.49572649572649574,0.5042735042735043,0.7992424242424242,0.5444557987269394,0.8340425655142676,15,0.9878468623446482,0
CCE[CAR-FDH],10.0,20,0.778117048346056,0.6418581418581418,0.20727272727272728,0.13163972286374134,0.48717948717948717,0.6229417212359339,0.7260517260517261,0.13723963115598545,0.20346320346320346,0.5128205128205128,0.48717948717948717,0.7965367965367965,0.5391393222162453,0.8314859257008406,20,0.9680775894189668,0
CCE[CAR-FDH],100.0,5,0.7221374045801526,0.6601315351315351,0.20175438596491227,0.12169312169312169,0.5897435897435898,0.6563681747458364,0.7083888333888335,0.136063511749849,0.2694805194805195,0.41025641025641024,0.5897435897435898,0.7305194805194806,0.5167736809676687,0.7942792278632267,5,1.0,0
CCE[CAR-FDH],100.0,10,0.7648854961832061,0.6588411588411589,0.21428571428571427,0.1337579617834395,0.5384615384615384,0.6477502756312957,0.7211746586746587,0.14633576015090521,0.22077922077922077,0.46153846153846156,0.5384615384615384,0.7792207792207793,0.5380225698897153,0.8232075556660644,10,1.0,0
CCE[CAR-FDH],100.0,15,0.7816793893129771,0.6517579642579643,0.21572212065813529,0.1372093023255814,0.5042735042735043,0.6348517764303554,0.7247012247012247,0.14118044400697805,0.20075757575757575,0.49572649572649574,0.5042735042735043,0.7992424242424242,0.5444557987269394,0.8340425655142676,15,0.9878468623446482,0
CCE[CAR-FDH],100.0,20,0.778117048346056,0.6418581418581418,0.20727272727272728,0.13163972286374134,0.48717948717948717,0.6229417212359339,0.7260517260517261,0.13723963115598545,0.20346320346320346,0.5128205128205128,0.48717948717948717,0.7965367965367965,0.5391393222162453,0.8314859257008406,20,0.9680775894189668,0
CCE[CAR-FDH],10.0,5,0.7521628498727735,0.6921065046065047,0.23064770932069512,0.14147286821705427,0.6239316239316239,0.6887405893103726,0.753424815924816,0.16109631982207706,0.23971861471861472,0.37606837606837606,0.6239316239316239,0.7602813852813853,0.5414688349454553,0.8152761471370378,5,1.0,1
CCE[CAR-FDH],10.0,10,0.7587786259541984,0.6916208791208791,0.23300970873786409,0.1437125748502994,0.6153846153846154,0.687406337276194,0.7517713767713768,0.16341857342608782,0.23214285714285715,0.38461538461538464,0.6153846153846154,0.7678571428571429,0.5449468833544393,0.8197373409937735,10,0.9973682707577357,1
CCE[CAR-FDH],10.0,15,0.7603053435114504,0.704441391941392,0.24154589371980675,0.1488095238095238,0.6410256410256411,0.7015811551175796,0.7524836274836275,0.16575689664651205,0.23214285714285715,0.358974358974359,0.6410256410256411,0.7678571428571429,0.5496034092352434,0.8209762129793762,15,0.9735729016689518,1
CCE[CAR-FDH],10.0,20,0.761323155216285,0.6969766344766345,0.23739837398373984,0.1465863453815261,0.6239316239316239,0.6931384100169716,0.7523402523402524,0.16339278361017437,0.22997835497835498,0.37606837606837606,0.6239316239316239,0.770021645021645,0.547960122135158,0.8215389445525142,20,0.9424503375141345,1
CCE[CAR-FDH],100.0,5,0.7521628498727735,0.6921065046065047,0.23064770932069512,0.14147286821705427,0.6239316239316239,0.6887405893103726,0.753424815924816,0.16109631982207706,0.23971861471861472,0.37606837606837606,0.6239316239316239,0.7602813852813853,0.5414688349454553,0.8152761471370378,5,1.0,1
CCE[CAR-FDH],100.0,10,0.7587786259541984,0.6916208791208791,0.23300970873786409,0.1437125748502994,0.6153846153846154,0.687406337276194,0.7517713767713768,0.16341857342608782,0.23214285714285715,0.38461538461538464,0.6153846153846154,0.7678571428571429,0.5449468833544393,0.8197373409937735,10,0.9973682707577357,1
CCE[CAR-FDH],100.0,15,0.7603053435114504,0.704441391941392,0.24154589371980675,0.1488095238095238,0.6410256410256411,0.7015811551175796,0.7524836274836275,0.16575689664651205,0.23214285714285715,0.358974358974359,0.6410256410256411,0.7678571428571429,0.5496034092352434,0.8209762129793762,15,0.9735729016689518,1
CCE[CAR-FDH],100.0,20,0.761323155216285,0.6969766344766345,0.23739837398373984,0.1465863453815261,0.6239316239316239,0.6931384100169716,0.7523402523402524,0.16339278361017437,0.22997835497835498,0.37606837606837606,0.6239316239316239,0.770021645021645,0.547960122135158,0.8215389445525142,20,0.9424503375141345,1
CCE[CAR-FDH],10.0,5,0.7888040712468194,0.6635517260517261,0.2271880819366853,0.14523809523809525,0.5213675213675214,0.648139294507396,0.7581423206423206,0.17098491795755816,0.19426406926406928,0.47863247863247865,0.5213675213675214,0.8057359307359307,0.5524387211923333,0.8389572232541789,5,1.0,2
CCE[CAR-FDH],10.0,10,0.8966921119592876,0.5928169053169053,0.2222222222222222,0.2013888888888889,0.24786324786324787,0.4821191319983656,0.7598396973396974,0.16201742788067294,0.06222943722943723,0.7521367521367521,0.24786324786324787,0.9377705627705628,0.5834468974289089,0.9016555044430435,10,1.0,2
CCE[CAR-FDH],10.0,15,0.878880407124682,0.6353854478854479,0.2608695652173913,0.2048780487804878,0.358974358974359,0.5721115077601371,0.7651353276353277,0.1664830731273491,0.0882034632034632,0.6410256410256411,0.358974358974359,0.9117965367965368,0.5974525209678975,0.8939538422931524,15,0.9994314148181752,2
CCE[CAR-FDH],10.0,20,0.8819338422391858,0.625,0.25161290322580643,0.20207253886010362,0.3333333333333333,0.5527707983925666,0.7657458282458283,0.1670665946139817,0.08333333333333333,0.6666666666666666,0.3333333333333333,0.9166666666666666,0.5937622527178756,0.8951670995223396,20,0.991337305314272,2
CCE[CAR-FDH],100.0,5,0.7888040712468194,0.6635517260517261,0.2271880819366853,0.14523809523809525,0.5213675213675214,0.648139294507396,0.7581423206423206,0.17098491795755816,0.19426406926406928,0.47863247863247865,0.5213675213675214,0.8057359307359307,0.5524387211923333,0.8389572232541789,5,1.0,2
CCE[CAR-FDH],100.0,10,0.8966921119592876,0.5928169053169053,0.2222222222222222,0.2013888888888889,0.24786324786324787,0.4821191319983656,0.7598396973396974,0.16201742788067294,0.06222943722943723,0.7521367521367521,0.24786324786324787,0.9377705627705628,0.5834468974289089,0.9016555044430435,10,1.0,2
CCE[CAR-FDH],100.0,15,0.878880407124682,0.6353854478854479,0.2608695652173913,0.2048780487804878,0.358974358974359,0.5721115077601371,0.7651353276353277,0.1664830731273491,0.0882034632034632,0.6410256410256411,0.358974358974359,0.9117965367965368,0.5974525209678975,0.8939538422931524,15,0.9994314148181752,2
CCE[CAR-FDH],100.0,20,0.8819338422391858,0.625,0.25161290322580643,0.20207253886010362,0.3333333333333333,0.5527707983925666,0.7657458282458283,0.1670665946139817,0.08333333333333333,0.6666666666666666,0.3333333333333333,0.9166666666666666,0.5937622527178756,0.8951670995223396,20,0.991337305314272,2
CCE[CAR-FDH],10.0,5,0.7811704834605598,0.6995226995226995,0.24825174825174826,0.15604395604395604,0.6068376068376068,0.6933552341631818,0.7621753246753247,0.1596804924360763,0.2077922077922078,0.39316239316239315,0.6068376068376068,0.7922077922077922,0.5600996680508294,0.8348114996906307,5,1.0,3
CCE[CAR-FDH],10.0,10,0.8279898218829517,0.6763791763791764,0.25877192982456143,0.17404129793510326,0.5042735042735043,0.6541165246868694,0.7663517038517039,0.16573446413159537,0.15151515151515152,0.49572649572649574,0.5042735042735043,0.8484848484848485,0.5807388722237372,0.8643647130853014,10,1.0,3
CCE[CAR-FDH],10.0,15,0.8178117048346056,0.69498556998557,0.26639344262295084,0.1752021563342318,0.5555555555555556,0.6808555012366527,0.7649040774040774,0.16308331576492893,0.16558441558441558,0.4444444444444444,0.5555555555555556,0.8344155844155844,0.5811920728512778,0.8585032326096668,15,0.9999999349594278,3
CCE[CAR-FDH],10.0,20,0.8702290076335878,0.6267829392829393,0.2433234421364985,0.18636363636363637,0.3504273504273504,0.562569499248263,0.7652972027972028,0.1676724026432283,0.09686147186147186,0.6495726495726496,0.3504273504273504,0.9031385281385281,0.5861760544943556,0.8882004168309716,20,0.9969761638694953,3
CCE[CAR-FDH],100.0,5,0.7811704834605598,0.6995226995226995,0.24825174825174826,0.15604395604395604,0.6068376068376068,0.6933552341631818,0.7621753246753247,0.1596804924360763,0.2077922077922078,0.39316239316239315,0.6068376068376068,0.7922077922077922,0.5600996680508294,0.8348114996906307,5,1.0,3
CCE[CAR-FDH],100.0,10,0.8279898218829517,0.6763791763791764,0.25877192982456143,0.17404129793510326,0.5042735042735043,0.6541165246868694,0.7663517038517039,0.16573446413159537,0.15151515151515152,0.49572649572649574,0.5042735042735043,0.8484848484848485,0.5807388722237372,0.8643647130853014,10,1.0,3
CCE[CAR-FDH],100.0,15,0.8178117048346056,0.69498556998557,0.26639344262295084,0.1752021563342318,0.5555555555555556,0.6808555012366527,0.7649040774040774,0.16308331576492893,0.16558441558441558,0.4444444444444444,0.5555555555555556,0.8344155844155844,0.5811920728512778,0.8585032326096668,15,0.9999999349594278,3
CCE[CAR-FDH],100.0,20,0.8702290076335878,0.6267829392829393,0.2433234421364985,0.18636363636363637,0.3504273504273504,0.562569499248263,0.7652972027972028,0.1676724026432283,0.09686147186147186,0.6495726495726496,0.3504273504273504,0.9031385281385281,0.5861760544943556,0.8882004168309716,20,0.9969761638694953,3
CCE[CAR-FDH],10.0,5,0.7180661577608143,0.6699758574758574,0.20630372492836677,0.12392426850258176,0.6153846153846154,0.6677480407215328,0.7271362896362896,0.1916157720017528,0.2754329004329004,0.38461538461538464,0.6153846153846154,0.7245670995670995,0.5174464169196289,0.791537002078344,5,1.0,4
CCE[CAR-FDH],10.0,10,0.7368956743002545,0.6759837384837384,0.21547799696509864,0.13099630996309963,0.6068376068376068,0.672437972732673,0.7322769822769822,0.20143279186130747,0.25487012987012986,0.39316239316239315,0.6068376068376068,0.7451298701298701,0.5287111782440902,0.8046433089280263,10,0.9975609118257645,4
CCE[CAR-FDH],10.0,15,0.7450381679389313,0.6723068598068598,0.215962441314554,0.13218390804597702,0.5897435897435898,0.6672179705162475,0.7311484811484812,0.20325476262367123,0.24512987012987014,0.41025641025641024,0.5897435897435898,0.7548701298701299,0.5318645387976599,0.8101477605499532,15,0.9810902137870651,4
CCE[CAR-FDH],10.0,20,0.7419847328244275,0.6746864246864247,0.21638330757341576,0.1320754716981132,0.5982905982905983,0.6703472602804083,0.7314167314167315,0.2034579082466925,0.24891774891774893,0.4017094017094017,0.5982905982905983,0.7510822510822511,0.5309756927754377,0.8081051679839364,20,0.9673535712646866,4
CCE[CAR-FDH],100.0,5,0.7180661577608143,0.6699758574758574,0.20630372492836677,0.12392426850258176,0.6153846153846154,0.6677480407215328,0.7271362896362896,0.1916157720017528,0.2754329004329004,0.38461538461538464,0.6153846153846154,0.7245670995670995,0.5174464169196289,0.791537002078344,5,1.0,4
CCE[CAR-FDH],100.0,10,0.7368956743002545,0.6759837384837384,0.21547799696509864,0.13099630996309963,0.6068376068376068,0.672437972732673,0.7322769822769822,0.20143279186130747,0.25487012987012986,0.39316239316239315,0.6068376068376068,0.7451298701298701,0.5287111782440902,0.8046433089280263,10,0.9975609118257645,4
CCE[CAR-FDH],100.0,15,0.7450381679389313,0.6723068598068598,0.215962441314554,0.13218390804597702,0.5897435897435898,0.6672179705162475,0.7311484811484812,0.20325476262367123,0.24512987012987014,0.41025641025641024,0.5897435897435898,0.7548701298701299,0.5318645387976599,0.8101477605499532,15,0.9810902137870651,4
CCE[CAR-FDH],100.0,20,0.7419847328244275,0.6746864246864247,0.21638330757341576,0.1320754716981132,0.5982905982905983,0.6703472602804083,0.7314167314167315,0.2034579082466925,0.24891774891774893,0.4017094017094017,0.5982905982905983,0.7510822510822511,0.5309756927754377,0.8081051679839364,20,0.9673535712646866,4
CCE[CAR-FDH],10.0,5,0.8142493638676844,0.6170357420357421,0.2013129102844639,0.13529411764705881,0.39316239316239315,0.5749902874082575,0.7057271432271432,0.15024791400963589,0.1590909090909091,0.6068376068376068,0.39316239316239315,0.8409090909090909,0.548108225945572,0.8536057788256626,5,1.0,5
CCE[CAR-FDH],10.0,10,0.8656488549618321,0.6083361083361083,0.21893491124260356,0.167420814479638,0.3162393162393162,0.5336218555796649,0.7169335294335294,0.15734055644433687,0.09956709956709957,0.6837606837606838,0.3162393162393162,0.9004329004329005,0.5727191259999209,0.8843733121296493,10,1.0,5
CCE[CAR-FDH],10.0,15,0.9012722646310433,0.5392107892107891,0.13392857142857142,0.14018691588785046,0.1282051282051282,0.3490309754486295,0.7033082658082659,0.14835317584898874,0.049783549783549784,0.8717948717948718,0.1282051282051282,0.9502164502164502,0.5407905134530877,0.8992017203968218,15,0.9999999658252775,5
CCE[CAR-FDH],10.0,20,0.9073791348600508,0.538454600954601,0.13333333333333333,0.15053763440860216,0.11965811965811966,0.338441818549163,0.7017311392311392,0.14640333024621968,0.04274891774891775,0.8803418803418803,0.11965811965811966,0.9572510822510822,0.5422043010752688,0.9023852909792333,20,0.9982773861972947,5
CCE[CAR-FDH],100.0,5,0.8142493638676844,0.6170357420357421,0.2013129102844639,0.13529411764705881,0.39316239316239315,0.5749902874082575,0.7057271432271432,0.15024791400963589,0.1590909090909091,0.6068376068376068,0.39316239316239315,0.8409090909090909,0.548108225945572,0.8536057788256626,5,1.0,5
CCE[CAR-FDH],100.0,10,0.8656488549618321,0.6083361083361083,0.21893491124260356,0.167420814479638,0.3162393162393162,0.5336218555796649,0.7169335294335294,0.15734055644433687,0.09956709956709957,0.6837606837606838,0.3162393162393162,0.9004329004329005,0.5727191259999209,0.8843733121296493,10,1.0,5
CCE[CAR-FDH],100.0,15,0.9012722646310433,0.5392107892107891,0.13392857142857142,0.14018691588785046,0.1282051282051282,0.3490309754486295,0.7033082658082659,0.14835317584898874,0.049783549783549784,0.8717948717948718,0.1282051282051282,0.9502164502164502,0.5407905134530877,0.8992017203968218,15,0.9999999658252775,5
CCE[CAR-FDH],100.0,20,0.9073791348600508,0.538454600954601,0.13333333333333333,0.15053763440860216,0.11965811965811966,0.338441818549163,0.7017311392311392,0.14640333024621968,0.04274891774891775,0.8803418803418803,0.11965811965811966,0.9572510822510822,0.5422043010752688,0.9023852909792333,20,0.9982773861972947,5
CCE[CAR-FDH],10.0,5,0.7862595419847328,0.7222430347430348,0.26573426573426573,0.16703296703296702,0.6495726495726496,0.718577773350955,0.7841834091834092,0.19851543462420196,0.2050865800865801,0.3504273504273504,0.6495726495726496,0.7949134199134199,0.5703299083287172,0.8386530927210812,5,1.0,6
CCE[CAR-FDH],10.0,10,0.778117048346056,0.7179140304140303,0.2585034013605442,0.1613588110403397,0.6495726495726496,0.7146537698284469,0.7895715395715397,0.20499387377136868,0.21374458874458874,0.3504273504273504,0.6495726495726496,0.7862554112554112,0.5640212997227616,0.8331569140052035,10,0.99371667492724,6
CCE[CAR-FDH],10.0,15,0.7801526717557252,0.731005106005106,0.2677966101694915,0.16701902748414377,0.6752136752136753,0.7288729527536204,0.7890720390720392,0.2063080126687532,0.2132034632034632,0.3247863247863248,0.6752136752136753,0.7867965367965368,0.5692276464021111,0.8347630783200064,15,0.9750316169482685,6
CCE[CAR-FDH],10.0,20,0.783206106870229,0.7246225996225997,0.2655172413793103,0.16630669546436286,0.6581196581196581,0.72156446049904,0.7924436674436675,0.21065477023802145,0.20887445887445888,0.3418803418803419,0.6581196581196581,0.7911255411255411,0.5691765311374164,0.8366748673060074,20,0.9577763474820744,6
CCE[CAR-FDH],100.0,5,0.7862595419847328,0.7222430347430348,0.26573426573426573,0.16703296703296702,0.6495726495726496,0.718577773350955,0.7841834091834092,0.19851543462420196,0.2050865800865801,0.3504273504273504,0.6495726495726496,0.7949134199134199,0.5703299083287172,0.8386530927210812,5,1.0,6
CCE[CAR-FDH],100.0,10,0.778117048346056,0.7179140304140303,0.2585034013605442,0.1613588110403397,0.6495726495726496,0.7146537698284469,0.7895715395715397,0.20499387377136868,0.21374458874458874,0.3504273504273504,0.6495726495726496,0.7862554112554112,0.5640212997227616,0.8331569140052035,10,0.99371667492724,6
CCE[CAR-FDH],100.0,15,0.7801526717557252,0.731005106005106,0.2677966101694915,0.16701902748414377,0.6752136752136753,0.7288729527536204,0.7890720390720392,0.2063080126687532,0.2132034632034632,0.3247863247863248,0.6752136752136753,0.7867965367965368,0.5692276464021111,0.8347630783200064,15,0.9750316169482685,6
CCE[CAR-FDH],100.0,20,0.783206106870229,0.7246225996225997,0.2655172413793103,0.16630669546436286,0.6581196581196581,0.72156446049904,0.7924436674436675,0.21065477023802145,0.20887445887445888,0.3418803418803419,0.6581196581196581,0.7911255411255411,0.5691765311374164,0.8366748673060074,20,0.9577763474820744,6
CCE[CAR-FDH],10.0,5,0.8005089058524173,0.6897893772893773,0.25190839694656486,0.16216216216216217,0.5641025641025641,0.6782419995932204,0.7739297739297739,0.19004858423060006,0.18452380952380953,0.4358974358974359,0.5641025641025641,0.8154761904761905,0.5684086905460951,0.84721887284675,5,1.0,7
CCE[CAR-FDH],10.0,10,0.8656488549618321,0.6603743478743479,0.27472527472527475,0.20242914979757085,0.42735042735042733,0.617894919702478,0.7763856513856513,0.20560425174563268,0.1066017316017316,0.5726495726495726,0.42735042735042733,0.8933982683982684,0.6003463726402594,0.887191217673765,10,1.0,7
CCE[CAR-FDH],10.0,15,0.8931297709923665,0.6309523809523809,0.2708333333333333,0.22807017543859648,0.3333333333333333,0.5563486402641868,0.7732637732637733,0.19365931377178758,0.07142857142857142,0.6666666666666666,0.3333333333333333,0.9285714285714286,0.6065863536518397,0.9023565715507376,15,0.9985229690301369,7
CCE[CAR-FDH],10.0,20,0.8910941475826972,0.6178613053613053,0.2517482517482518,0.21301775147928995,0.3076923076923077,0.5343667144834019,0.7696516446516446,0.18586451770244727,0.07196969696969698,0.6923076923076923,0.3076923076923077,0.928030303030303,0.5965107888818098,0.9002176345704556,20,0.9947975187181749,7
CCE[CAR-FDH],100.0,5,0.8005089058524173,0.6897893772893773,0.25190839694656486,0.16216216216216217,0.5641025641025641,0.6782419995932204,0.7739297739297739,0.19004858423060006,0.18452380952380953,0.4358974358974359,0.5641025641025641,0.8154761904761905,0.5684086905460951,0.84721887284675,5,1.0,7
CCE[CAR-FDH],100.0,10,0.8656488549618321,0.6603743478743479,0.27472527472527475,0.20242914979757085,0.42735042735042733,0.617894919702478,0.7763856513856513,0.20560425174563268,0.1066017316017316,0.5726495726495726,0.42735042735042733,0.8933982683982684,0.6003463726402594,0.887191217673765,10,1.0,7
CCE[CAR-FDH],100.0,15,0.8931297709923665,0.6309523809523809,0.2708333333333333,0.22807017543859648,0.3333333333333333,0.5563486402641868,0.7732637732637733,0.19365931377178758,0.07142857142857142,0.6666666666666666,0.3333333333333333,0.9285714285714286,0.6065863536518397,0.9023565715507376,15,0.9985229690301369,7
CCE[CAR-FDH],100.0,20,0.8910941475826972,0.6178613053613053,0.2517482517482518,0.21301775147928995,0.3076923076923077,0.5343667144834019,0.7696516446516446,0.18586451770244727,0.07196969696969698,0.6923076923076923,0.3076923076923077,0.928030303030303,0.5965107888818098,0.9002176345704556,20,0.9947975187181749,7
CCE[CAR-FDH],10.0,5,0.9068702290076336,0.5622016872016872,0.17937219730941703,0.18867924528301888,0.17094017094017094,0.40371420954081244,0.7196622821622822,0.14895088690129912,0.046536796536796536,0.8290598290598291,0.17094017094017094,0.9534632034632035,0.5650030665532788,0.9047114811390928,5,1.0,8
CCE[CAR-FDH],10.0,10,0.8895674300254452,0.6010378510378511,0.2277580071174377,0.1951219512195122,0.27350427350427353,0.5039526306789697,0.7251752876752877,0.15801115630495544,0.07142857142857142,0.7264957264957265,0.27350427350427353,0.9285714285714286,0.584144829812487,0.8980916949957595,10,1.0,8
CCE[CAR-FDH],10.0,15,0.8900763358778626,0.6013084138084138,0.22857142857142856,0.19631901840490798,0.27350427350427353,0.5040994486371257,0.7242965367965368,0.15728567695213067,0.07088744588744589,0.7264957264957265,0.27350427350427353,0.9291125541125541,0.5846966731898239,0.8984131100521355,15,0.999358964467215,8
CCE[CAR-FDH],10.0,20,0.9043256997455471,0.5648518148518148,0.1826086956521739,0.18584070796460178,0.1794871794871795,0.41297901950543514,0.7256562881562881,0.15525795539372578,0.049783549783549784,0.8205128205128205,0.1794871794871795,0.9502164502164502,0.5658989424206815,0.9035454651465272,20,0.994131352855644,8
CCE[CAR-FDH],100.0,5,0.9068702290076336,0.5622016872016872,0.17937219730941703,0.18867924528301888,0.17094017094017094,0.40371420954081244,0.7196622821622822,0.14895088690129912,0.046536796536796536,0.8290598290598291,0.17094017094017094,0.9534632034632035,0.5650030665532788,0.9047114811390928,5,1.0,8
CCE[CAR-FDH],100.0,10,0.8895674300254452,0.6010378510378511,0.2277580071174377,0.1951219512195122,0.27350427350427353,0.5039526306789697,0.7251752876752877,0.15801115630495544,0.07142857142857142,0.7264957264957265,0.27350427350427353,0.9285714285714286,0.584144829812487,0.8980916949957595,10,1.0,8
CCE[CAR-FDH],100.0,15,0.8900763358778626,0.6013084138084138,0.22857142857142856,0.19631901840490798,0.27350427350427353,0.5040994486371257,0.7242965367965368,0.15728567695213067,0.07088744588744589,0.7264957264957265,0.27350427350427353,0.9291125541125541,0.5846966731898239,0.8984131100521355,15,0.999358964467215,8
CCE[CAR-FDH],100.0,20,0.9043256997455471,0.5648518148518148,0.1826086956521739,0.18584070796460178,0.1794871794871795,0.41297901950543514,0.7256562881562881,0.15525795539372578,0.049783549783549784,0.8205128205128205,0.1794871794871795,0.9502164502164502,0.5658989424206815,0.9035454651465272,20,0.994131352855644,8
CCE[CAR-FDH],10.0,5,0.778117048346056,0.6818875568875569,0.23508771929824562,0.1479028697571744,0.5726495726495726,0.6730807552127033,0.7662568912568912,0.15946828502288354,0.20887445887445888,0.42735042735042733,0.5726495726495726,0.7911255411255411,0.5526629072681705,0.832419981250837,5,1.0,9
CCE[CAR-FDH],10.0,10,0.8203562340966921,0.6763236763236763,0.2536997885835095,0.16853932584269662,0.5128205128205128,0.6562624708761203,0.7681346431346432,0.15978813799940034,0.16017316017316016,0.48717948717948717,0.5128205128205128,0.8398268398268398,0.5757940655385005,0.859532077451523,10,0.9999999872784866,9
CCE[CAR-FDH],10.0,15,0.8127226463104326,0.6722652347652347,0.2459016393442623,0.16172506738544473,0.5128205128205128,0.6530833993587086,0.7683057683057684,0.15877620154445646,0.1682900432900433,0.48717948717948717,0.5128205128205128,0.8317099567099567,0.5694935274001962,0.8545508089395457,15,0.9915449162730161,9
CCE[CAR-FDH],10.0,20,0.8061068702290076,0.6807567432567432,0.2485207100591716,0.16153846153846155,0.5384615384615384,0.6657190234489458,0.7658637658637659,0.15812475397439957,0.17694805194805194,0.46153846153846156,0.5384615384615384,0.823051948051948,0.5686074190085516,0.8505769320830436,20,0.9758281193573988,9
CCE[CAR-FDH],100.0,5,0.778117048346056,0.6818875568875569,0.23508771929824562,0.1479028697571744,0.5726495726495726,0.6730807552127033,0.7662568912568912,0.15946828502288354,0.20887445887445888,0.42735042735042733,0.5726495726495726,0.7911255411255411,0.5526629072681705,0.832419981250837,5,1.0,9
CCE[CAR-FDH],100.0,10,0.8203562340966921,0.6763236763236763,0.2536997885835095,0.16853932584269662,0.5128205128205128,0.6562624708761203,0.7681346431346432,0.15978813799940034,0.16017316017316016,0.48717948717948717,0.5128205128205128,0.8398268398268398,0.5757940655385005,0.859532077451523,10,0.9999999872784866,9
CCE[CAR-FDH],100.0,15,0.8127226463104326,0.6722652347652347,0.2459016393442623,0.16172506738544473,0.5128205128205128,0.6530833993587086,0.7683057683057684,0.15877620154445646,0.1682900432900433,0.48717948717948717,0.5128205128205128,0.8317099567099567,0.5694935274001962,0.8545508089395457,15,0.9915449162730161,9
CCE[CAR-FDH],100.0,20,0.8061068702290076,0.6807567432567432,0.2485207100591716,0.16153846153846155,0.5384615384615384,0.6657190234489458,0.7658637658637659,0.15812475397439957,0.17694805194805194,0.46153846153846156,0.5384615384615384,0.823051948051948,0.5686074190085516,0.8505769320830436,20,0.9758281193573988,9
